VIA;CIVICO MIN;CIVICO MAX;CAP
CORSO ACHILLE MARIO DOGLIOTTI;14;44;10129
CORSO ADRIATICO;2;26;10131
CORSO ALBERTO PICCO;1;104;10129
CORSO ALCIDE DE GASPERI;0;73;10143
CORSO ALESSANDRO TASSONI;2;90;10143
CORSO APPIO CLAUDIO;1;231;10153
CORSO BELGIO;6;180;10149
CORSO BENEDETTO BRIN;1;29;10135
CORSO BENEDETTO CROCE;3;38;10146
CORSO BERNARDINO TELESIO;2;128;10121
CORSO BOLZANO;2;53;10134
CORSO BRAMANTE;1;96;10152
CORSO BRESCIA;2;113;10153
CORSO BRIANZA;1;38;10153
CORSO CADORE;1;46;10126
CORSO CADUTI SUL LAVORO;5;24;10127
CORSO CAIO PLINIO;2;87;10123
CORSO CAIROLI;1;32;10136
CORSO CANONICO GIUSEPPE ALLAMANO;1;95;10128
CORSO CARLO E NELLO ROSSELLI;1;240;10153
CORSO CARLO LUIGI FARINI;1;33;10141
CORSO CARLO PIAGGIA;11;11;10131
CORSO CASALE;2;479;10128
CORSO CASTELFIDARDO;1;59;10136
CORSO CESARE CORRENTI;35;77;10132
CORSO CHIERI;7;246;10153
CORSO CHIETI;1;38;10152
CORSO CIRIE';1;35;10138
CORSO CIRO MENOTTI;4;6;10134
CORSO CORSICA;1;55;10135
CORSO COSENZA;3;144;10134
CORSO DANTE;2;133;10129
CORSO DUCA D'AOSTA;1;19;10128
CORSO DUCA DEGLI ABRUZZI;1;106;10152
CORSO EMILIA;1;40;10128
CORSO ENRICO DE NICOLA;2;66;10144
CORSO ENRICO GAMBA;18;45;10135
CORSO ENRICO TAZZOLI;1;235;10134
CORSO EUSEBIO GIAMBONE;1;87;10126
CORSO FEDERICO SCLOPIS;4;12;10151
CORSO FERRARA;1;51;10141
CORSO FILIPPO BRUNELLESCHI;1;230;10128
CORSO FILIPPO TURATI;2;86;10131
CORSO FIUME;1;17;10138
CORSO FRANCESCO FERRUCCI;2;153;10138
CORSO FRANCIA;1;464;10137
CORSO GAETANO SALVEMINI;1;57;10151
CORSO GAETANO SCIREA;12;62;10121
CORSO GALILEO FERRARIS;0;294;10126
CORSO GALILEO GALILEI;4;48;10125
CORSO GERMANO SOMMEILLER;2;35;10121
CORSO GIACOMO MATTEOTTI;0;61;10122
CORSO GIAMBATTISTA BECCARIA;1;6;10137
CORSO GIOVANNI AGNELLI;2;260;10131
CORSO GIOVANNI LANZA;3;117;10134
CORSO GIOVANNI PASCOLI;1;22;10152
CORSO GIULIO CESARE;1;435;10129
CORSO GIUSEPPE ARIMONDI;5;19;10132
CORSO GIUSEPPE GABETTI;1;35;10129
CORSO GIUSEPPE GOVONE;1;18;10122
CORSO GIUSEPPE SICCARDI;2;15;10155
CORSO GROSSETO;1;469;10125
CORSO GUGLIELMO MARCONI;1;39;10138
CORSO INGHILTERRA;1;59;10151
CORSO L. QUINZIO CINCINNATO;99;260;10145
CORSO LECCE;1;130;10134
CORSO LEPANTO;1;23;10141
CORSO LIONE;24;96;10151
CORSO LOMBARDIA;95;245;10141
CORSO LUIGI D'ALBERTIS;2;26;10128
CORSO LUIGI EINAUDI;1;65;10132
CORSO LUIGI KOSSUTH;3;73;10135
CORSO LUIGI SETTEMBRINI;25;235;10146
CORSO MARCHE;1;79;10125
CORSO MASSIMO D'AZEGLIO;2;118;10129
CORSO MEDITERRANEO;65;152;10151
CORSO MOLISE;3;90;10131
CORSO MONCALIERI;0;518;10139
CORSO MONTE CUCCO;1;160;10145
CORSO MONTE GRAPPA;2;118;10134
CORSO MONTE LUNGO;2;57;10133
CORSO MONTEROTONDO;2;2;10149
CORSO MORTARA;1;119;10155
CORSO NOVARA;1;154;10136
CORSO ORBASSANO;72;488;10144
CORSO OTTONE ROSAI;25;44;10152
CORSO PALERMO;1;128;10122
CORSO PALESTRO;1;22;10138
CORSO PESCHIERA;83;388;10127
CORSO PIERO MARONCELLI;1;63;10143
CORSO POTENZA;3;200;10122
CORSO PRINCIPE EUGENIO;1;42;10144
CORSO PRINCIPE ODDONE;1;96;10136
CORSO QUATTRO NOVEMBRE;1;114;10131
CORSO QUINTINO SELLA;2;151;10138
CORSO RACCONIGI;2;245;10126
CORSO RAFFAELLO;0;33;10121
CORSO RE UMBERTO;1;153;10124
CORSO REGINA MARGHERITA;1;540;10152
CORSO REGIO PARCO;1;173;10129
CORSO RODOLFO MONTEVECCHIO;34;77;10156
CORSO ROMANIA;460;661;10122
CORSO S. MARTINO;0;10;10124
CORSO S. MAURIZIO;1;81;10146
CORSO SACCO E VANZETTI;5;11;10134
CORSO SEBASTOPOLI;1;314;10133
CORSO SICILIA;1;61;10136
CORSO SIRACUSA;1;231;10126
CORSO SPEZIA;0;62;10128
CORSO STATI UNITI;1;67;10143
CORSO SVIZZERA;2;189;10154
CORSO TARANTO;1;226;10154
CORSO TERENZIO MAMIANI;1;5;10153
CORSO TORTONA;1;61;10149
CORSO TOSCANA;4;204;10135
CORSO TRAIANO;0;182;10139
CORSO TRAPANI;1;241;10141
CORSO TRATTATI DI ROMA;30;30;10129
CORSO TRENTO;2;28;10129
CORSO TRIESTE;1;29;10144
CORSO UMBRIA;1;90;10152
CORSO UNDICI FEBBRAIO;1;33;10134
CORSO UNIONE SOVIETICA;73;662;10126
CORSO UNITA' D'ITALIA;30;235;10122
CORSO VALDOCCO;1;20;10147
CORSO VENEZIA;0;71;10152
CORSO VERCELLI;1;497;10152
CORSO VERONA;2;57;10152
CORSO VIGEVANO;1;62;10121
CORSO VINZAGLIO;1;35;10125
CORSO VITTORIO EMANUELE II;1;237;10121
GALLERIA ENZO TORTORA;21;21;10121
GALLERIA S. FEDERICO;5;66;10123
GALLERIA SUBALPINA;3;32;10122
GALLERIA UMBERTO I;1;87;10141
LARGO BARDONECCHIA;167;180;10149
LARGO BORGARO;27;44;10152
LARGO BRESCIA;47;54;10132
LARGO CASALE;305;309;10147
LARGO CASTELDELFINO;18;24;10156
LARGO DAMIANO CHIESA;44;58;10149
LARGO ERRICO GIACHINO;93;112;10128
LARGO FILIPPO TURATI;47;62;10152
LARGO FRANCESCO CIGNA;67;74;10143
LARGO FRANCIA;110;115;10129
LARGO GIAN DOMENICO CASSINI;0;4;10132
LARGO GIOVANNI BOCCACCIO;43;47;10143
LARGO GIOVANNI MIGLIARA;14;17;10154
LARGO GIULIO CESARE;94;115;10147
LARGO GUGLIELMO CARDINALE MASSAIA;33;54;10141
LARGO LUCA DELLA ROBBIA;21;52;10143
LARGO LUIGI CIBRARIO;9;13;10152
LARGO MAURIZIO VITALE;1;12;10133
LARGO MENTANA;8;11;10126
LARGO MILLEFONTI;35;35;10131
LARGO MONCALVO;18;25;10124
LARGO MONTEBELLO;31;40;10145
LARGO NICOLA FABRIZI;85;144;10132
LARGO ODOARDO TABACCHI;37;37;10129
LARGO ORBASSANO;60;81;10152
LARGO PALERMO;69;74;10122
LARGO QUATTRO MARZO;9;17;10141
LARGO RACCONIGI;186;197;10128
LARGO RE UMBERTO;98;124;10152
LARGO REGIO PARCO;9;16;10153
LARGO ROSARIO BERARDI;2;9;10141
LARGO S. PAOLO;118;125;10125
LARGO SALUZZO;25;36;10154
LARGO SEMPIONE;164;186;10149
LARGO STRADELLA;39;56;10136
LARGO TIRRENO;111;125;10149
LARGO TOSCANA;19;54;10146
LARGO VALGIOIE;15;22;10141
LARGO VINCENZO LANCIA;46;58;10121
LARGO VITTORIO EMANUELE II;82;89;10152
LUNGO DORA AGRIGENTO;16;133;10152
LUNGO DORA FIRENZE;15;153;10143
LUNGO DORA LIGURIA;43;78;10152
LUNGO DORA NAPOLI;2;90;10153
LUNGO DORA PIETRO COLLETTA;3;147;10152
LUNGO DORA SAVONA;2;38;10153
LUNGO DORA SIENA;8;117;10153
LUNGO DORA VOGHERA;2;156;10153
LUNGO PO ALESSANDRO ANTONELLI;3;211;10123
LUNGO PO ARMANDO DIAZ;2;8;10124
LUNGO PO LUIGI CADORNA;1;7;10124
LUNGO PO NICOLO' MACHIAVELLI;23;43;10156
LUNGO STURA ISTRIA;55;60;10156
LUNGO STURA LAZIO;19;211;10131
PARCO IGNAZIO MICHELOTTI;1;21;10121
PIAZZA (COMITATO LIBERAZIONE NAZIONALE) C.L.N.;218;264;10138
PIAZZA ADRIANO;1;17;10132
PIAZZA ALBERTO PASINI;3;11;10143
PIAZZA AMEDEO PEYRON;5;28;10153
PIAZZA ANTONIO FONTANESI;1;10;10152
PIAZZA ANTONIO GENERALE BALDISSERA;1;11;10126
PIAZZA ARTURO GRAF;118;149;10131
PIAZZA ASMARA;1;7;10154
PIAZZA AUGUSTO ROSTAGNI;3;3;10137
PIAZZA BASILICATA;2;6;10127
PIAZZA BENGASI;1;410;10152
PIAZZA BORGO DORA;38;61;10136
PIAZZA BRUNO CACCIA;2;8;10126
PIAZZA CAMILLO BOZZOLO;3;12;10123
PIAZZA CARIGNANO;2;8;10123
PIAZZA CARLO ALBERTO;1;5;10123
PIAZZA CARLO EMANUELE II;13;21;10123
PIAZZA CARLO FELICE;7;95;10133
PIAZZA CARLO FREGUGLIA;1;15;10126
PIAZZA CARLO GIACOMINI;4;24;10137
PIAZZA CARLO MONTANARI;131;168;10123
PIAZZA CASTELLO;0;215;10123
PIAZZA CAVOUR;1;14;10122
PIAZZA CESARE AUGUSTO;1;15;10147
PIAZZA CHIESA DELLA SALUTE;17;19;10151
PIAZZA CIRENE;1;23;10122
PIAZZA CORPUS DOMINI;17;20;10131
PIAZZA CRIMEA;1;7;10137
PIAZZA DANTE LIVIO BIANCO;2;10;10154
PIAZZA DEL DONATORE DI SANGUE;1;5;10146
PIAZZA DEL MONASTERO;1;21;10122
PIAZZA DELLA CONSOLATA;3;9;10122
PIAZZA DELLA REPUBBLICA;1;31;10147
PIAZZA DELLA VITTORIA;22;31;10155
PIAZZA DERNA;207;250;10153
PIAZZA DESIDERATO CHIAVES;4;10;10141
PIAZZA DI ROBILANT CARLO;1;20;10122
PIAZZA DICIOTTO DICEMBRE;1;13;10154
PIAZZA DOMENICO CIMAROSA;26;53;10152
PIAZZA DON PAOLO ALBERA;3;15;10126
PIAZZA EDMONDO DE AMICIS;74;127;10122
PIAZZA EMANUELE FILIBERTO;1;15;10153
PIAZZA ENRICO TOTI;1;16;10151
PIAZZA EUGENIO MONTALE;8;18;10126
PIAZZA FABIO FILZI;2;13;10141
PIAZZA FILIPPO GALVAGNO;5;5;10132
PIAZZA FRANCESCO BORROMINI;72;86;10132
PIAZZA FRANCESCO CARRARA;2;8;10155
PIAZZA FRANCESCO CRISPI;51;63;10129
PIAZZA GEN. CARLO ALBERTO DALLA CHIESA;6;6;10155
PIAZZA GHIRLANDAIO;36;49;10123
PIAZZA GIAMBATTISTA BODONI;4;6;10145
PIAZZA GIAMPIETRO CHIRONI;1;15;10126
PIAZZA GIOSUE' CARDUCCI;122;171;10156
PIAZZA GIOVANNI ASTENGO;1;10;10154
PIAZZA GIOVANNI BOTTESINI;1;20;10132
PIAZZA GIOVANNI DALLE BANDE NERE;5;15;10132
PIAZZA GIOVANNI TOSELLI;1;5;10137
PIAZZA GIOVANNI XXIII;26;26;10154
PIAZZA GIUSEPPE CESARE ABBA;9;13;10123
PIAZZA GIUSEPPE LUIGI LAGRANGE;1;2;10151
PIAZZA GIUSEPPE MANNO;1;28;10143
PIAZZA GIUSEPPE PEROTTI;1;9;10131
PIAZZA GRAN MADRE DI DIO;1;16;10132
PIAZZA GUIDO CAVALCANTI;3;8;10132
PIAZZA GUIDO GOZZANO;1;15;10151
PIAZZA GUIDO SECRETO;5;6;10132
PIAZZA GUSTAVO MODENA;2;6;10131
PIAZZA HERMADA;2;14;10144
PIAZZA INNOCENZO VIGLIARDI PARAVIA;3;9;10138
PIAZZA LORENZO BERNINI;1;16;10149
PIAZZA LUIGI MATTIROLO;1;16;10125
PIAZZA MADAMA CRISTINA;1;8;10132
PIAZZA MARCO AURELIO;6;6;10152
PIAZZA MARIA AUSILIATRICE;9;35;10123
PIAZZA MARIA TERESA;2;7;10141
PIAZZA MARMOLADA;1;14;10141
PIAZZA MASSAUA;1;21;10133
PIAZZA MERANO;7;7;10143
PIAZZA MONCENISIO;3;13;10156
PIAZZA MONTE TABOR;6;49;10133
PIAZZA MUZIO SCEVOLA;1;2;10151
PIAZZA NAZARIO SAURO;1;24;10126
PIAZZA NIZZA;42;83;10137
PIAZZA OMERO;2;22;10154
PIAZZA OTTORINO RESPIGHI;1;13;10122
PIAZZA PALAZZO DI CITTA';1;9;10149
PIAZZA PASQUALE VILLARI;1;18;10149
PIAZZA PIERO DELLA FRANCESCA;10;11;10135
PIAZZA PIETRO FRANCESCO GUALA;131;155;10121
PIAZZA PIETRO PALEOCAPA;1;3;10137
PIAZZA PITAGORA;2;18;10126
PIAZZA POLONIA;0;94;10155
PIAZZA REBAUDENGO CONTI;1;27;10137
PIAZZA RICCARDO CATTANEO;9;21;10143
PIAZZA RISORGIMENTO;2;32;10139
PIAZZA RIVOLI;1;14;10147
PIAZZA RUGGERO BONGHI;1;22;10121
PIAZZA S. CARLO;132;217;10122
PIAZZA S. GIOVANNI;2;5;10124
PIAZZA S. GIULIA;0;11;10136
PIAZZA S. RITA DA CASCIA;1;9;10141
PIAZZA SABOTINO;1;10;10122
PIAZZA SAVOIA;0;8;10132
PIAZZA SCIPIONE L'AFRICANO;2;7;10154
PIAZZA SOFIA;4;30;10121
PIAZZA SOLFERINO;2;22;10148
PIAZZA STAMPALIA;1;85;10122
PIAZZA STATUTO;1;30;10134
PIAZZA TANCREDI GALIMBERTI;1;26;10135
PIAZZA TERESA CONFALONIERI;1;3;10146
PIAZZA TOMMASO CAMPANELLA;1;25;10149
PIAZZA VETTA D'ITALIA;1;15;10122
PIAZZA VINCENZO ARBARELLO;2;12;10124
PIAZZA VITTORIO VENETO;1;24;10133
PIAZZA ZARA;1;4;10154
PIAZZALE (C.R.I.) CROCE ROSSA ITALIANA;183;220;10131
PIAZZALE ADUA;4;12;10122
PIAZZALE AMELIA PICCININI;16;18;10141
PIAZZALE ANTONIO CHIRIBIRI;7;13;10153
PIAZZALE CARLO TANCREDI FALLETTI DI BAROLO;133;137;10134
PIAZZALE COSTANTINO IL GRANDE;159;174;10129
PIAZZALE DUCA D'AOSTA;18;23;10131
PIAZZALE MONTE DEI CAPPUCCINI;3;7;10135
PIAZZALE POLA;39;49;10134
PIAZZALE S. GABRIELE DI GORIZIA;175;212;10134
PIAZZALE TORINO GRANDE;81;146;10123
PIAZZALE VALDO FUSI;16;25;10131
PIAZZALE VILLA DELLA REGINA;35;35;10124
PIAZZETTA ACCADEMIA MILITARE;3;3;10122
PIAZZETTA ANDREA VIGLONGO;2;3;10124
PIAZZETTA CARLO MOLLINO;1;6;10154
PIAZZETTA CERIGNOLA;2;12;10133
PIAZZETTA DON COSTANTINO PAGLIOTTI;5;5;10156
PIAZZETTA DON GIUSEPPE PUGLISI;189;193;10125
PIAZZETTA LEVI PRIMO;9;12;10135
PIAZZETTA LUCIANO JONA;4;7;10123
PIAZZETTA MADONNA DEGLI ANGELI;0;4;10147
PIAZZETTA MADRE FRANCESCA RUBATTO;5;5;10122
PIAZZETTA REALE;1;1;10121
PIAZZETTA S. TERESA;5;5;10122
PIAZZETTA UNIVERSITA' DEI MASTRI MINUSIERI;1;3;10122
PIAZZETTA VISITAZIONE;13;13;10131
SALITA CAI TORINO;3;17;10144
SALITA MICHELANGELO GAROVE;18;30;10127
SOTTOPASSAGGIO LINGOTTO;38;38;10133
STRADA AI TETTI GARIGLIO;8;40;10132
STRADA AI TETTI ROCCO;29;71;10132
STRADA AL TRAFORO DI PINO;2;212;10132
STRADA ALLA FUNICOLARE DI SOPERGA;1;55;10154
STRADA ALLA MANIFATTURA TABACCHI;2;32;10132
STRADA ALLA PARROCCHIA DI SOPERGA;106;106;10133
STRADA ALLA VILLA ZANETTI;5;28;10131
STRADA ALLE SEI VILLE;11;37;10132
STRADA ALTA DI MONGRENO;14;76;10151
STRADA ANTICA DELLA VENARIA;1;96;10146
STRADA ANTICA DI COLLEGNO;17;274;10142
STRADA ANTICA DI GRUGLIASCO;201;316;10133
STRADA ANTICA DI REVIGLIASCO;6;85;10133
STRADA ANTICA DI S. VITO;3;44;10127
STRADA BASSE DEL LINGOTTO;1;70;10146
STRADA BASSE DI DORA;10;46;10154
STRADA BASSE DI STURA;10;103;10156
STRADA BELLACOMBA;135;266;10146
STRADA BERLIA;500;557;10156
STRADA BERTOLLA;2;203;10135
STRADA CASTELLO DI MIRAFIORI;8;352;10133
STRADA CESARE MEANO;1;18;10133
STRADA CIMITERO DI CAVORETTO;9;18;10132
STRADA CIMITERO DI MADONNA DEL PILONE;1;6;10132
STRADA CIMITERO DI SASSI;1;36;10133
STRADA CUNIOLI ALTI;39;207;10156
STRADA CUORGNE';50;139;10132
STRADA D'HARCOURT;3;70;10156
STRADA DA BERTOLLA ALL'ABBADIA DI STURA;3;211;10156
STRADA DA VILLARETTO A BORGARO;5;37;10133
STRADA DAI RONCHI AI CUNIOLI ALTI;1;80;10133
STRADA DALLA CREUSA ALLA VAL PATTONERA;109;109;10137
STRADA DECIMA;40;40;10133
STRADA DEGLI ALBERONI;2;26;10156
STRADA DEI BIASONETTI;4;16;10156
STRADA DEI BIASONI;1;76;10132
STRADA DEI CALLERI;4;56;10133
STRADA DEI FALCONIERI;1;54;10132
STRADA DEI FORNI;37;51;10132
STRADA DEI FORNI E GOFFI;4;78;10132
STRADA DEI GOFFI;93;105;10133
STRADA DEI RONCHI;1;154;10131
STRADA DEI TADINI;1;71;10132
STRADA DEI TETTI BERTOGLIO;1;171;10133
STRADA DEI TETTI GRAMAGLIA;2;26;10133
STRADA DEI TETTI RUBINO;2;47;10136
STRADA DEL BAROCCHIO;9;63;10132
STRADA DEL BELLARDO;2;119;10148
STRADA DEL BRAMAFAME;1;50;10133
STRADA DEL CAMPAGNINO;3;48;10131
STRADA DEL CANTELLO;3;50;10147
STRADA DEL CAROSSIO;1;44;10132
STRADA DEL CARTMAN;12;218;10156
STRADA DEL CASCINOTTO;3;250;10132
STRADA DEL CRESTO;2;109;10135
STRADA DEL DROSSO;2;249;10132
STRADA DEL DURIO;2;27;10133
STRADA DEL FIOCCARDO;2;218;10152
STRADA DEL FORTINO;1;43;10156
STRADA DEL FRANCESE;2;210;10132
STRADA DEL LAURO;2;107;10146
STRADA DEL LIONETTO;2;38;10131
STRADA DEL MACALLE';4;11;10131
STRADA DEL MAINERO;2;173;10132
STRADA DEL MEISINO;1;118;10156
STRADA DEL MOLINO DEL VILLARETTO;24;55;10131
STRADA DEL MOROZZO;2;14;10131
STRADA DEL NOBILE;3;117;10156
STRADA DEL PASCOLO;1;67;10132
STRADA DEL PAVARINO;5;44;10133
STRADA DEL PONTE ISABELLA A S. VITO;36;132;10137
STRADA DEL PORTONE;2;905;10131
STRADA DEL RIGHINO;1;29;10133
STRADA DEL SALINO;2;88;10131
STRADA DEL TERMO FORA';33;33;10156
STRADA DEL VILLARETTO;1;216;10156
STRADA DELL' ABBADIA DI STURA;1;11;10148
STRADA DELL' AEROPORTO;2;325;10154
STRADA DELL' ARRIVORE;1;45;10156
STRADA DELLA ANTIOCA;2;136;10156
STRADA DELLA BARBERINA;2;78;10132
STRADA DELLA BASILICA DI SOPERGA;4;75;10148
STRADA DELLA CAMPAGNA;181;320;10156
STRADA DELLA CEBROSA;76;150;10149
STRADA DELLA COMMENDA;1;13;10133
STRADA DELLA CREUSA;4;86;10156
STRADA DELLA FALCONERA;12;26;10132
STRADA DELLA FUNICOLARE DI SOPERGA;1;1;10132
STRADA DELLA LAURETTA;4;20;10156
STRADA DELLA MAGRA;5;64;10137
STRADA DELLA MANTA;2;35;10146
STRADA DELLA PELLERINA;1;79;10151
STRADA DELLA PERUSSIA;2;40;10142
STRADA DELLA PRONDA;2;135;10132
STRADA DELLA VALLE DEI POMI;4;65;10156
STRADA DELLA VERNA;3;48;10133
STRADA DELLA VIASSA;3;14;10133
STRADA DELLA VIOLA;25;138;10135
STRADA DELLE CACCE;4;152;10143
STRADA DELLE GHIACCIAIE;1;78;10133
STRADA DELLE TERRAZZE;34;67;10132
STRADA DELLE TRAVERSE;6;53;10151
STRADA DELLE VALLETTE;3;309;10151
STRADA DI ALTESSANO;2;164;10133
STRADA DI CAVORETTO;2;112;10132
STRADA DI D'AGLIE' VILLA;15;26;10132
STRADA DI FENESTRELLE;1;292;10135
STRADA DI MIRAFIORI;0;63;10131
STRADA DI PECETTO;10;311;10132
STRADA DI REAGLIE;1;22;10133
STRADA DI REVIGLIASCO;17;25;10132
STRADA DI SASSI;2;20;10154
STRADA DI SETTIMO;1;420;10132
STRADA DI SOPERGA;4;330;10132
STRADA DI VALPIANA;6;133;10133
STRADA GUIDO VOLANTE;1;134;10148
STRADA LANZO;86;435;10133
STRADA LEONE FONTANA;2;21;10154
STRADA MADDALENE;366;370;10132
STRADA MONGRENO;1;369;10145
STRADA MURRONI;1;22;10156
STRADA NUOVA VILLARETTO;28;68;10133
STRADA OSPEDALE S. VITO;2;34;10151
STRADA PIANEZZA;180;422;10131
STRADA PONTE VERDE;1;37;10131
STRADA S. ANNA;5;130;10133
STRADA S. LUCIA;13;97;10131
STRADA S. MARGHERITA;29;242;10156
STRADA S. MAURO;1;240;10131
STRADA S. VINCENZO;6;147;10133
STRADA S. VITO REVIGLIASCO;2;486;10156
STRADA SCARAFIOTTI;1;49;10133
STRADA VAL PATTONERA;3;260;10131
STRADA VAL S. MARTINO;2;210;10131
STRADA VAL S. MARTINO SUPERIORE;1;406;10131
STRADA VAL SALICE;0;273;10148
STRADA VENARIA;102;166;10133
STRADA VIGNE DI S. VITO;40;66;10151
STRADA VILLAR DORA;220;241;10138
VIA ABATE ANTONIO VASSALLI-EANDI;0;42;10123
VIA ACCADEMIA ALBERTINA;1;42;10123
VIA ACCADEMIA DELLE SCIENZE;1;11;10128
VIA ACHILLE LORIA;1;10;10131
VIA ACQUI;2;4;10134
VIA ADA MARCHESINI GOBETTI;3;10;10136
VIA ADA NEGRI;8;31;10142
VIA ADAMELLO;1;102;10147
VIA ADDA;5;16;10154
VIA ADELAIDE RISTORI;9;16;10156
VIA ADIGE;5;26;10144
VIA ADOLPHE DAUBRE'E;4;15;10154
VIA AGLIE';1;20;10137
VIA AGOSTINO BERTANI;41;112;10134
VIA AGOSTINO DA MONTEFELTRO;1;16;10135
VIA AGOSTINO LUIGI CAUCHY;2;28;10141
VIA AIRASCA;1;15;10147
VIA ALA DI STURA;13;103;10155
VIA ALAGNA;1;11;10126
VIA ALASSIO;5;50;10127
VIA ALBA;1;7;10134
VIA ALBENGA;1;23;10149
VIA ALBERTO AZUNI;5;14;10122
VIA ALBERTO NOTA;1;12;10154
VIA ALBERTO VIRIGLIO;1;42;10134
VIA ALBISOLA;1;10;10132
VIA ALBUGNANO;1;29;10143
VIA ALDO BARBARO;15;24;10147
VIA ALDO MANUZIO;1;12;10152
VIA ALESSANDRIA;2;56;10155
VIA ALESSANDRINA RAVIZZA;1;18;10148
VIA ALESSANDRO CARROCCIO;1;20;10154
VIA ALESSANDRO CRUTO;3;33;10139
VIA ALESSANDRO FILIPPA;3;17;10135
VIA ALESSANDRO FLEMING;4;33;10122
VIA ALESSANDRO MANZONI;0;27;10144
VIA ALESSANDRO PARAVIA;3;19;10135
VIA ALESSANDRO PERNATI DI MOMO;6;16;10151
VIA ALESSANDRO ROCCATI;5;50;10154
VIA ALESSANDRO SCARLATTI;1;66;10121
VIA ALESSANDRO VITTORIO PAPACINO;1;23;10121
VIA ALESSANDRO VOLTA;1;11;10136
VIA ALFIANO;1;20;10148
VIA ALFONSO BADINI CONFALONIERI;4;106;10137
VIA ALFONSO BALZICO;1;9;10123
VIA ALFONSO BONAFOUS;1;8;10128
VIA ALFONSO LAMARMORA;4;82;10137
VIA ALFONSO OGLIARO;1;44;10153
VIA ALFONSO VARANO;7;100;10154
VIA ALFREDO CASELLA;48;71;10132
VIA ALFREDO CATALANI;1;5;10154
VIA ALFREDO D'ANDRADE;1;14;10149
VIA ALFREDO ORIANI;1;25;10133
VIA ALL' ASILO;1;18;10154
VIA ALLA CHIESA;4;22;10133
VIA ALLA PARROCCHIA;1;31;10131
VIA ALLA VILLA QUIETE;0;15;10138
VIA ALMESE;1;18;10147
VIA ALPETTE;1;7;10143
VIA ALPIGNANO;1;28;10152
VIA AMALFI;1;7;10136
VIA AMALIA GUGLIELMINETTI;1;35;10121
VIA AMEDEO AVOGADRO;1;43;10137
VIA AMEDEO MODIGLIANI;1;32;10143
VIA AMEDEO PEYRON;1;58;10153
VIA AMEDEO RAVINA;8;40;10135
VIA AMEDEO UGOLINI;1;15;10128
VIA AMERIGO VESPUCCI;0;77;10154
VIA AMILCARE PONCHIELLI;5;71;10142
VIA ANASTASIO GERMONIO;1;53;10152
VIA ANCONA;1;24;10156
VIA ANDEZENO;11;29;10153
VIA ANDORNO;3;51;10149
VIA ANDREA CESALPINO;11;74;10149
VIA ANDREA CISI;2;20;10144
VIA ANDREA COSTAGUTA;6;33;10144
VIA ANDREA DEL SARTO;3;11;10123
VIA ANDREA DORIA;2;31;10128
VIA ANDREA GASTALDI;2;2;10128
VIA ANDREA MASSENA;1;109;10131
VIA ANDREA PALLADIO;1;12;10148
VIA ANDREA PARIS;1;29;10152
VIA ANDREA PISANO;1;8;10151
VIA ANDREA POZZO;2;16;10123
VIA ANDREA PROVANA;1;7;10151
VIA ANDREA SANSOVINO;3;291;10152
VIA ANDREA VERROCCHIO;1;8;10138
VIA ANDREA VOCHIERI;1;11;10148
VIA ANGELICO BEATO;1;37;10121
VIA ANGELO BROFFERIO;1;4;10148
VIA ANGELO DE GUBERNATIS;19;30;10135
VIA ANGELO FORTUNATO FORMIGGINI;17;20;10151
VIA ANGELO FRAMMARTINO;2;22;10149
VIA ANGELO MESSEDAGLIA;2;30;10146
VIA ANGELO MOSSO;2;12;10137
VIA ANGELO SCARSELLINI;1;15;10145
VIA ANGELO SISMONDA;1;41;10156
VIA ANGELO TASCA;1;50;10143
VIA ANGIOLINO;12;21;10139
VIA ANGROGNA;1;16;10123
VIA ANNIBALE LOVERA DI MARIA;1;2;10135
VIA ANNIE VIVANTI;2;12;10134
VIA ANTON GIULIO BARRILI;2;25;10144
VIA ANTONELLO DA MESSINA;2;17;10155
VIA ANTONIO BANFO;3;69;10126
VIA ANTONIO CANOVA;3;54;10129
VIA ANTONIO CANTORE;1;9;10152
VIA ANTONIO CECCHI;2;72;10148
VIA ANTONIO E VITTORIO SCIALOJA;4;34;10122
VIA ANTONIO FABRO;2;14;10145
VIA ANTONIO FOGAZZARO;1;30;10153
VIA ANTONIO FONTANESI;1;42;10128
VIA ANTONIO GENOVESI;1;19;10121
VIA ANTONIO GIUSEPPE BERTOLA;2;86;10121
VIA ANTONIO GRAMSCI;1;15;10134
VIA ANTONIO LABRIOLA;1;9;10121
VIA ANTONIO MEUCCI;1;14;10144
VIA ANTONIO PACINOTTI;2;29;10129
VIA ANTONIO PIGAFETTA;1;73;10126
VIA ANTONIO ROSMINI;1;13;10156
VIA ANTONIO SANT'ELIA;2;22;10147
VIA ANTONIO STOPPANI;2;18;10154
VIA ANTONIO VIVALDI;3;15;10152
VIA AOSTA;1;143;10131
VIA APORTI FERRANTE;1;32;10144
VIA AQUILA;1;40;10133
VIA AQUILEIA;3;8;10136
VIA ARBE;12;29;10155
VIA ARBORIO;3;11;10154
VIA ARCANGELO CORELLI;4;64;10134
VIA ARDUINO;2;55;10144
VIA AREZZO;1;12;10133
VIA ARGONNE;1;8;10135
VIA ARISTIDE FACCIOLI;31;72;10134
VIA ARNALDO DA BRESCIA;1;75;10141
VIA ARNAZ;1;23;10145
VIA ARONA;2;37;10134
VIA ARQUATA;2;23;10154
VIA ARRIGO BOITO;1;48;10148
VIA ARRIGO OLIVETTI;2;18;10121
VIA ARSENALE;1;44;10124
VIA ARTISTI;1;39;10154
VIA ARTURO AMBROSIO;1;11;10147
VIA ARTURO COLAUTTI;1;28;10135
VIA ARTURO FARINELLI;1;40;10155
VIA ARTURO TOSCANINI;0;20;10141
VIA ARVIER;2;14;10144
VIA ASCANIO SOBRERO;15;33;10131
VIA ASCANIO VITTOZZI;3;11;10142
VIA ASIAGO;2;76;10153
VIA ASIGLIANO VERCELLESE;2;10;10133
VIA ASPROMONTE;7;7;10128
VIA ASSIETTA;2;29;10147
VIA ASSISI;1;63;10131
VIA ASTI;1;49;10134
VIA ASUNCION;1;40;10137
VIA ATTILIO AGRICOLA;3;13;10126
VIA AUGUSTO ABEGG;1;27;10141
VIA AUGUSTO BERTA;15;22;10146
VIA AUGUSTO FRANZOJ;3;23;10137
VIA AUGUSTO NOMIS DI COSSILLA;2;24;10138
VIA AURELIO SAFFI;0;31;10144
VIA AVELLINO;1;28;10138
VIA AVIGLIANA;1;54;10141
VIA BAGNASCO;2;14;10137
VIA BAINSIZZA;1;35;10155
VIA BAIRO;3;11;10149
VIA BALANGERO;1;37;10131
VIA BALDISSERO;2;7;10143
VIA BALME;1;58;10155
VIA BALTEA;1;40;10137
VIA BALTIMORA;1;182;10148
VIA BANCHETTE;3;23;10138
VIA BANDIERA FRATELLI;1;12;10154
VIA BARBANIA;1;7;10135
VIA BARBARA ALLASON;5;23;10127
VIA BARBARESCO;1;18;10142
VIA BARD;1;66;10132
VIA BARDASSANO;1;11;10139
VIA BARDONECCHIA;1;200;10139
VIA BARGE;1;17;10144
VIA BARI;0;26;10136
VIA BARLETTA;3;180;10137
VIA BARNABA PANIZZA;1;10;10126
VIA BARTOLOMEO BONA;47;47;10136
VIA BASSANO;2;36;10141
VIA BATTISTA BENA;1;15;10146
VIA BAVENO;1;62;10121
VIA BEATO SEBASTIANO VALFRE';3;18;10139
VIA BEAULARD;2;74;10152
VIA BEINASCO;1;48;10127
VIA BEINETTE;1;26;10125
VIA BELFIORE;1;84;10149
VIA BELGIRATE;1;11;10134
VIA BELLOM PESCAROLO;3;16;10144
VIA BELLUNO;1;12;10155
VIA BELMONTE;1;27;10154
VIA BENACO;5;12;10136
VIA BENE VAGIENNA;1;62;10153
VIA BENEVENTO;3;47;10148
VIA BENOZZO GOZZOLI;2;22;10126
VIA BENVENUTO CELLINI;1;37;10152
VIA BERGAMO;1;18;10138
VIA BERNARDINO DROVETTI;0;37;10125
VIA BERNARDINO GALLIARI;1;37;10152
VIA BERNARDINO LANINO;1;9;10149
VIA BERNARDINO LUINI;1;195;10154
VIA BERNARDINO RAMAZZINI;10;26;10137
VIA BERNARDO DE CANAL;23;66;10131
VIA BERNARDO VITTONE;1;22;10135
VIA BERRUTI E FERRERO;1;32;10134
VIA BERTRANDO SPAVENTA;1;27;10149
VIA BESSANESE;1;16;10153
VIA BETTINO RICASOLI;1;60;10131
VIA BEZZECCA;1;22;10143
VIA BIANZE';1;42;10147
VIA BIBIANA;1;120;10133
VIA BICOCCA;2;16;10152
VIA BIELLA;3;48;10154
VIA BIOGLIO;1;45;10142
VIA BIONAZ;3;53;10126
VIA BISALTA;3;12;10136
VIA BISTAGNO;3;45;10122
VIA BLIGNY;0;21;10141
VIA BOBBIO;2;30;10152
VIA BOGNANCO;1;8;10155
VIA BOLLENGO;2;24;10152
VIA BOLOGNA;1;267;10148
VIA BONZO;1;22;10135
VIA BORDIGHERA;2;20;10149
VIA BORGARO;29;128;10152
VIA BORGO DORA;1;39;10155
VIA BORGO TICINO;4;24;10132
VIA BORGOFRANCO;1;25;10145
VIA BORGOMANERO;1;72;10149
VIA BORGOMASINO;2;76;10139
VIA BORGONE;1;69;10145
VIA BORGOSESIA;1;109;10156
VIA BORMIDA;2;23;10154
VIA BORRIANA;1;12;10149
VIA BOSCONERO;2;10;10141
VIA BOSSOLASCO;1;21;10137
VIA BOSTON;2;158;10141
VIA BOVES;1;9;10152
VIA BRA;0;16;10154
VIA BRANDIZZO;1;98;10147
VIA BREGLIO;5;158;10147
VIA BRENTA;4;23;10152
VIA BRINDISI;1;19;10143
VIA BRIONE;1;49;10142
VIA BRISSOGNE;2;50;10126
VIA BRONI;1;12;10148
VIA BROSSO;2;6;10138
VIA BRUINO;1;30;10139
VIA BRUNETTA;1;24;10121
VIA BRUNO BUOZZI;2;10;10134
VIA BRUNO GIORDANO;1;210;10147
VIA BRUSNENGO;2;16;10134
VIA BUENOS AIRES;2;116;10126
VIA BUONARROTI MICHELANGELO;3;32;10135
VIA BURIASCO;0;20;10143
VIA BURONZO;1;16;10143
VIA BUSANO;2;6;10126
VIA BUSCA;1;21;10139
VIA BUSSOLENO;1;34;10132
VIA BUTTIGLIERA;2;13;10149
VIA CAFASSE;1;9;10153
VIA CAGLIARI;3;43;10143
VIA CALABRIA;14;44;10123
VIA CALANDRA FRATELLI;1;23;10133
VIA CALATAFIMI;7;7;10148
VIA CALTANISSETTA;1;14;10148
VIA CALUSO;1;33;10125
VIA CALUSO VALPERGA;1;37;10143
VIA CAMANDONA;1;23;10149
VIA CAMBIANO;3;10;10143
VIA CAMBURZANO;1;19;10127
VIA CAMILLO GUIDI;3;10;10135
VIA CAMILLO RICCIO;1;83;10134
VIA CAMOGLI;2;14;10147
VIA CAMPIGLIA;1;70;10141
VIA CAMPIGLIONE;4;34;10155
VIA CAMPOBASSO;2;44;10154
VIA CANDELO;2;16;10154
VIA CANDIA;1;21;10141
VIA CANDIDO VIBERTI;1;34;10127
VIA CANDIOLO;1;94;10127
VIA CANELLI;49;130;10156
VIA CANONICO TANCREDI;3;56;10141
VIA CANTALUPO;2;28;10149
VIA CANTOIRA;1;28;10122
VIA CAPPEL VERDE;1;8;10136
VIA CAPRERA;4;54;10138
VIA CAPRIE;1;31;10144
VIA CAPUA;1;45;10141
VIA CARAGLIO;2;148;10127
VIA CARAMAGNA;4;34;10137
VIA CARANDO F.LLI;3;33;10154
VIA CARAVAGGIO;4;4;10146
VIA CARDEZZA;1;21;10141
VIA CARDINALE FOSSATI MAURILIO;4;34;10131
VIA CARDINALE MAURIZIO;2;40;10156
VIA CAREMA;2;8;10154
VIA CARESANA;1;14;10143
VIA CARISIO;1;24;10123
VIA CARLO ALBERTO;1;65;10137
VIA CARLO ALFONSO NALLINO;19;50;10122
VIA CARLO ALLIONI;0;13;10152
VIA CARLO ANTONIO PORPORATI;3;16;10146
VIA CARLO BIANCO;3;14;10143
VIA CARLO BONCOMPAGNI DI MOMBELLO;1;7;10144
VIA CARLO BOSSI;1;36;10135
VIA CARLO BOSSOLI;65;103;10122
VIA CARLO BOTTA;1;10;10122
VIA CARLO BOUCHERON;2;18;10146
VIA CARLO BUFFA DI PERRERO;4;24;10146
VIA CARLO CAPELLI;1;111;10136
VIA CARLO CASALEGNO;6;31;10137
VIA CARLO CASTELNUOVO DELLE LANZE;1;18;10149
VIA CARLO CIPOLLA;1;9;10135
VIA CARLO DEL PRETE;19;86;10132
VIA CARLO DELLA PORTA;2;18;10124
VIA CARLO DENINA;0;4;10134
VIA CARLO FORLANINI;2;17;10128
VIA CARLO GIORDANA;1;8;10126
VIA CARLO GIOVANNI BRUGNONE;1;12;10153
VIA CARLO GOLDONI;1;6;10122
VIA CARLO IGNAZIO GIULIO;2;48;10147
VIA CARLO LORENZINI;1;41;10126
VIA CARLO MARENCO;1;32;10126
VIA CARLO MAROCHETTI;1;30;10143
VIA CARLO MATTEUCCI;2;5;10153
VIA CARLO MICHELE BUSCALIONI;1;40;10152
VIA CARLO NOE';2;8;10152
VIA CARLO PEDROTTI;2;40;10137
VIA CARLO PINCHIA;1;19;10127
VIA CARLO PISACANE;1;74;10151
VIA CARLO PITTARA;2;52;10134
VIA CARLO PIZZORNO;1;10;10137
VIA CARLO POMA;2;14;10155
VIA CARLO PORTA;5;30;10121
VIA CARLO PROMIS;3;7;10126
VIA CARLO REYMOND;2;13;10143
VIA CARLO TENIVELLI;1;24;10144
VIA CARLO VIDUA;1;28;10152
VIA CARMAGNOLA;2;27;10141
VIA CARMELO BORG PISANI;2;29;10127
VIA CARNIA;1;6;10156
VIA CARO ANNIBAL;4;32;10127
VIA CAROLINA INVERNIZIO;1;34;10141
VIA CARRU';3;16;10141
VIA CARSO;1;46;10132
VIA CASALBORGONE;1;32;10149
VIA CASAPINTA;11;38;10149
VIA CASELETTE;1;17;10122
VIA CASELLE;1;6;10144
VIA CASERTA;3;23;10126
VIA CASIMIRO SPERINO;17;34;10131
VIA CASTAGNETO;0;10;10136
VIA CASTAGNEVIZZA;1;25;10131
VIA CASTEGGIO;1;17;10147
VIA CASTELDELFINO;1;79;10136
VIA CASTELGOMBERTO;5;172;10138
VIA CASTELLAMONTE;1;4;10132
VIA CASTELNUOVO;1;22;10132
VIA CASTIGLIONE;2;26;10153
VIA CATANIA;0;58;10155
VIA CATANZARO;5;18;10131
VIA CATERINA SEGURANA;1;38;10156
VIA CAVAGNOLO;5;44;10139
VIA CAVALLERMAGGIORE;2;33;10123
VIA CAVOUR;1;50;10132
VIA CECCO ANGIOLIERI;6;6;10135
VIA CELESTE NEGARVILLE;1;43;10139
VIA CENISCHIA;2;54;10156
VIA CENTALLO;2;86;10155
VIA CERANO;1;1;10135
VIA CERCENASCO;1;23;10143
VIA CERES;9;20;10155
VIA CERESOLE;1;44;10121
VIA CERNAIA;1;46;10148
VIA CERRIONE;2;30;10141
VIA CERVIGNASCO;3;10;10155
VIA CERVINO;0;85;10139
VIA CESANA;1;85;10124
VIA CESARE BALBO;0;46;10123
VIA CESARE BATTISTI;1;19;10149
VIA CESARE CANTU';5;9;10125
VIA CESARE LOMBROSO;1;30;10135
VIA CESARE PAVESE;1;31;10134
VIA CESARE REDUZZI;3;25;10147
VIA CESARE TALLONE;3;13;10144
VIA CEVA;4;52;10156
VIA CHABERTON;1;42;10142
VIA CHALLANT;2;53;10141
VIA CHAMBERY;1;93;10155
VIA CHATILLON;1;50;10126
VIA CHERASCO;3;25;10136
VIA CHERSO;1;10;10148
VIA CHIALAMBERTO;1;14;10139
VIA CHIANOCCO;3;8;10132
VIA CHIARO DAVANZATI;2;10;10147
VIA CHIESA DELLA SALUTE;3;158;10141
VIA CHIOMONTE;1;34;10126
VIA CHISOLA;1;28;10128
VIA CHISONE;1;68;10155
VIA CHIUSELLA;2;32;10152
VIA CHIVASSO;2;19;10149
VIA CIAMARELLA;1;37;10153
VIA CIGLIANO;1;38;10137
VIA CIMABUE;1;8;10132
VIA CINZANO;2;10;10142
VIA CIRENAICA;4;52;10152
VIA CIRIE';32;49;10143
VIA CLAUDIO BEAUMONT;1;58;10125
VIA CLAUDIO LUIGI BERTHOLLET;2;46;10154
VIA CLAUDIO MONTEVERDI;4;117;10141
VIA CLAVIERE;1;25;10152
VIA CLEMENTE DAMIANO PRIOCCA;0;30;10138
VIA COAZZE;1;29;10132
VIA COCCONATO;1;18;10155
VIA COGNE;0;52;10142
VIA COL DI LANA;6;48;10143
VIA COLLEASCA;2;26;10152
VIA COMO;0;26;10129
VIA CONDOVE;11;26;10121
VIA CONFIENZA;2;27;10135
VIA CONI ZUGNA;1;38;10125
VIA CONTE EMANUELE THESAURO;2;7;10123
VIA CONTE GIAMBATTISTA BOGINO;1;31;10121
VIA CONTE ROSSO;3;6;10121
VIA CONTE SECONDO FROLA;1;4;10122
VIA CONTE VERDE;1;16;10143
VIA CORIO;1;35;10127
VIA CORMONS;1;24;10156
VIA CORNELIANO D'ALBA;1;31;10127
VIA CORRADO CORRADINO;1;16;10129
VIA CORRADO SEGRE;3;8;10126
VIA CORREGGIO;1;30;10122
VIA CORTE D'APPELLO;1;22;10126
VIA CORTEMILIA;1;32;10131
VIA COSSERIA;1;14;10153
VIA COSSILA;2;22;10132
VIA COSTANTINO E MARIA BRIGHENTI;11;11;10147
VIA COSTANTINO NIGRA;1;51;10141
VIA COSTIGLIOLE;1;22;10155
VIA COURMAYEUR;1;16;10142
VIA CREA;1;29;10152
VIA CREMONA;1;27;10154
VIA CRESCENTINO;1;34;10146
VIA CREVACUORE;2;78;10133
VIA CRIMEA;6;10;10138
VIA CRISSOLO;2;27;10139
VIA CRISTALLIERA;1;32;10155
VIA CRISTINA BELGIOIOSO;2;12;10147
VIA CRISTOFORO BEGGIAMO;3;30;10128
VIA CRISTOFORO COLOMBO;1;67;10141
VIA CUMIANA;2;62;10152
VIA CUNEO;1;58;10156
VIA CUORGNE';1;49;10153
VIA CURINO;1;10;10131
VIA CURTATONE;1;24;10147
VIA D'ALLERY;3;7;10151
VIA DA SETTIGNANO DI FRANCESCO AMEDEO;1;21;10156
VIA DAMIANO CHIESA;2;77;10153
VIA DANIELE MANIN;1;22;10138
VIA DANTE DI NANNI;1;122;10147
VIA DAUN;6;6;10121
VIA DAVIDE BERTOLOTTI;1;19;10121
VIA DE LELLIS S. CAMILLO;17;30;10127
VIA DE MAISTRE FRATELLI;1;57;10144
VIA DEFENDENTE DE FERRARI;1;9;10156
VIA DEGLI ABETI;1;49;10156
VIA DEGLI ACERI;3;35;10147
VIA DEGLI APPROCCI;2;17;10156
VIA DEGLI OLMI;2;30;10156
VIA DEGLI ULIVI;1;116;10129
VIA DEGO;3;7;10151
VIA DEI CICLAMINI;5;5;10156
VIA DEI FAGGI;1;15;10147
VIA DEI FORNELLI;2;9;10156
VIA DEI FRASSINI;3;35;10156
VIA DEI GELSI;2;18;10151
VIA DEI GLADIOLI;1;39;10156
VIA DEI LAVANDAI;3;31;10123
VIA DEI MILLE;2;56;10156
VIA DEI PIOPPI;2;62;10156
VIA DEI PLATANI;0;12;10122
VIA DEI QUARTIERI;0;12;10156
VIA DEI TIGLI;1;22;10147
VIA DEL CAMPO;1;7;10122
VIA DEL CARMINE;1;37;10147
VIA DEL RIDOTTO;1;28;10121
VIA DELL' ARCIVESCOVADO;1;27;10122
VIA DELLA BASILICA;0;16;10133
VIA DELLA BROCCA;9;9;10147
VIA DELLA BRUSA';4;30;10122
VIA DELLA CITTADELLA;1;18;10122
VIA DELLA CONSOLATA;1;23;10123
VIA DELLA ROCCA;1;49;10138
VIA DELLE ALPI;1;9;10156
VIA DELLE BETULLE;1;49;10151
VIA DELLE GLICINI;1;34;10151
VIA DELLE MAGNOLIE;2;22;10122
VIA DELLE ORFANE;1;36;10151
VIA DELLE PEONIE;1;1;10151
VIA DELLE PERVINCHE;1;79;10151
VIA DELLE PRIMULE;1;69;10156
VIA DELLE QUERCE;9;89;10156
VIA DELLE ROBINIE;2;26;10123
VIA DELLE ROSINE;1;20;10147
VIA DELLE TRINCEE;3;17;10151
VIA DELLE VERBENE;4;21;10126
VIA DEMONTE;1;11;10155
VIA DESANA;3;24;10148
VIA DI ROVASENDA GIUSEPPE;2;6;10143
VIA DIGIONE;1;38;10152
VIA DOBERDO';1;10;10152
VIA DOGLIANI;3;17;10144
VIA DOMENICO CAPELLINA;1;25;10149
VIA DOMENICO CARUTTI;19;35;10154
VIA DOMENICO CIMAROSA;14;108;10135
VIA DOMENICO COGGIOLA;3;22;10137
VIA DOMENICO GEROLAMO INDUNO;2;20;10137
VIA DOMENICO GUIDOBONO;1;27;10127
VIA DOMENICO MILLELIRE;1;51;10149
VIA DOMENICO MORELLI;2;17;10126
VIA DOMENICO TIBONE;1;11;10145
VIA DOMODOSSOLA;1;94;10137
VIA DON BARTOLOMEO GRAZIOLI;6;46;10131
VIA DON GIOVANNI COCCHI;3;11;10137
VIA DON GIOVANNI GRIOLI;3;43;10121
VIA DON GIOVANNI MINZONI;1;14;10142
VIA DON LEONARDO MURIALDO;1;51;10141
VIA DON LORENZO PRINOTTI;3;15;10141
VIA DON LUIGI ORIONE;2;7;10142
VIA DON MICHELE RUA;21;32;10135
VIA DONATO BACHI;42;42;10144
VIA DRONERO;2;16;10148
VIA DRUENTO;1;375;10148
VIA DRUSACCO;1;8;10138
VIA DUCHESSA JOLANDA;1;52;10127
VIA DUINO;98;197;10126
VIA EDOARDO CALVO;1;7;10135
VIA EDOARDO DANEO;3;28;10146
VIA EDOARDO PERRONCITO;1;13;10137
VIA EDOARDO RUBINO;2;94;10134
VIA EGEO;16;18;10136
VIA ELBA;1;24;10137
VIA ELEONORA D'ARBOREA;1;60;10123
VIA ELEONORA DUSE;2;4;10126
VIA ELLERO;2;39;10155
VIA ELVO;0;25;10127
VIA EMANUELE ARTOM;1;113;10139
VIA EMANUELE LUSERNA DI RORA';1;29;10147
VIA EMILIO BONGIOVANNI;9;41;10149
VIA EMILIO BRUSA;5;65;10148
VIA EMILIO DE MARCHI;1;54;10154
VIA EMILIO SALGARI;1;21;10154
VIA ENNA;2;8;10142
VIA ENRICO BAUDI DI VESME;19;38;10155
VIA ENRICO CAVAGLIA';1;23;10138
VIA ENRICO CIALDINI;2;54;10129
VIA ENRICO D'OVIDIO;3;10;10137
VIA ENRICO DANDOLO;2;48;10148
VIA ENRICO FERMI;2;24;10149
VIA ENRICO GOTTI;2;29;10141
VIA ENRICO MARTINI MAURI;5;13;10148
VIA ENRICO REYCEND;2;55;10141
VIA ENTRACQUE;1;15;10141
VIA ENVIE;1;13;10134
VIA ERASMO DA ROTTERDAM;1;12;10153
VIA ERCOLE RICOTTI;1;2;10124
VIA ERCOLE TOMMASO ROERO DI CORTANZE;0;5;10142
VIA ERITREA;14;63;10126
VIA ERNESTO LUGARO;2;38;10153
VIA ERNESTO RAGAZZONI;5;10;10156
VIA ERNESTO ROSSI;3;14;10149
VIA ERRICO GIACHINO;1;96;10154
VIA ERRICO PETRELLA;3;89;10132
VIA ETTORE BIAMINO;1;19;10121
VIA ETTORE DE SONNAZ;3;21;10136
VIA ETTORE FIERAMOSCA;1;16;10122
VIA ETTORE PERRONE;1;18;10148
VIA ETTORE STAMPINI;1;46;10156
VIA EUGENIO BARSANTI;5;14;10124
VIA EUSEBIO BAVA;1;52;10139
VIA EUSEBIO GARIZIO;1;30;10146
VIA EXILLES;1;86;10153
VIA FAA' DI BRUNO FRATELLI;1;4;10141
VIA FABBRICHE;1;16;10127
VIA FARIGLIANO;3;9;10137
VIA FATEBENEFRATELLI;1;8;10154
VIA FAVRIA;1;15;10133
VIA FEBO;1;40;10125
VIA FEDERICO CAMPANA;1;37;10132
VIA FEDERICO GARELLI;1;5;10155
VIA FEDERICO GARLANDA;4;8;10126
VIA FEDERICO MENABREA;1;24;10132
VIA FEDERICO NIETZSCHE;136;175;10123
VIA FEDERICO OZANAM;5;12;10138
VIA FEDERICO PAOLINI;6;26;10155
VIA FEDERICO PATETTA;4;34;10155
VIA FELETTO;1;66;10137
VIA FELICE BRICCARELLO;2;21;10127
VIA FELICE CASORATI;1;12;10143
VIA FELICE CORDERO DI PAMPARATO;1;36;10135
VIA FELICE RIGNON;1;14;10131
VIA FELICE ROMANI;0;32;10127
VIA FELIZZANO;1;20;10132
VIA FERDINANDO BOCCA;1;15;10131
VIA FERDINANDO BONSIGNORE;1;8;10128
VIA FERDINANDO MAGELLANO;0;14;10134
VIA FERDINANDO MICHELI;4;21;10156
VIA FERNANDO DE ROSA;1;24;10139
VIA FERRERE;1;16;10143
VIA FIANO;1;34;10141
VIA FIDIA;1;52;10151
VIA FIESOLE;2;25;10131
VIA FIGLIE DEI MILITARI;0;35;10134
VIA FILADELFIA;17;273;10122
VIA FILIBERTO PINGONE;2;5;10137
VIA FILIPPO ACCIARINI;1;23;10122
VIA FILIPPO BURZIO;7;9;10122
VIA FILIPPO JUVARRA;1;29;10126
VIA FINALMARINA;3;34;10153
VIA FIORANO;1;13;10152
VIA FOGGIA;3;42;10149
VIA FOGLIZZO;1;30;10149
VIA FOLIGNO;2;127;10147
VIA FONTANELLA;3;14;10139
VIA FORESTO;2;13;10143
VIA FORLI';11;175;10142
VIA FORNACA FRATELLI;22;30;10136
VIA FORNO CANAVESE;3;8;10144
VIA FOSSANO;2;24;10155
VIA FOSSATA;2;123;10127
VIA FRABOSA;1;26;10135
VIA FRANCESCA SAVERIA CABRINI;2;18;10139
VIA FRANCESCO AZZI;9;10;10147
VIA FRANCESCO BARACCA;1;68;10152
VIA FRANCESCO CIGNA;1;219;10154
VIA FRANCESCO CILEA;1;14;10152
VIA FRANCESCO CIRIO;1;18;10141
VIA FRANCESCO COGNASSO;6;21;10141
VIA FRANCESCO DALL'ONGARO;1;6;10142
VIA FRANCESCO DE SANCTIS;4;140;10121
VIA FRANCESCO DELLALA;6;8;10137
VIA FRANCESCO DEMARGHERITA;2;9;10121
VIA FRANCESCO GIUSEPPE GUICCIARDINI;1;32;10137
VIA FRANCESCO GONIN;3;59;10132
VIA FRANCESCO LADETTO;6;12;10131
VIA FRANCESCO LANFRANCHI;1;28;10155
VIA FRANCESCO LEMMI;1;7;10141
VIA FRANCESCO MILLIO;1;71;10146
VIA FRANCESCO MITTONE;4;8;10128
VIA FRANCESCO MOROSINI;1;23;10121
VIA FRANCESCO PACIOTTO;3;3;10126
VIA FRANCESCO PETRARCA;1;44;10127
VIA FRANCESCO RISMONDO;2;68;10137
VIA FRANCESCO SAVERIO NITTI;4;46;10154
VIA FRANCESCO TAMAGNO;5;6;10136
VIA FRANCESCO VALENTINO;10;29;10154
VIA FRANCO ALFANO;1;9;10122
VIA FRANCO BONELLI;1;17;10139
VIA FRASSINETO;2;52;10135
VIA FRATEL TEODORETO;1;9;10139
VIA FREIDOUR;1;26;10139
VIA FREJUS;1;162;10136
VIA FRINCO;2;30;10135
VIA FRONT;5;26;10156
VIA FROSINONE;81;81;10139
VIA FROSSASCO;2;11;10134
VIA FRUGAROLO;2;20;10136
VIA FULVIO CROCE;1;48;10132
VIA FULVIO TESTI;15;22;10133
VIA G. ANTONIO AMADEO;1;7;10148
VIA G. BATTISTA LULLI;1;78;10126
VIA G. BATTISTA TIEPOLO;1;20;10128
VIA G. BATTISTA VICO;1;25;10148
VIA G. SCHIAPPARELLI;4;21;10146
VIA G.B. NICCOLINI;1;23;10144
VIA GABRIELE BOGETTO;3;19;10126
VIA GABRIELE CHIABRERA;1;44;10141
VIA GABRIELE D'ANNUNZIO;2;24;10154
VIA GABRIELE ROSSETTI;3;34;10133
VIA GAETA;18;22;10152
VIA GAETANO CARDINALE ALIMONDA;1;20;10142
VIA GAETANO CASATI;1;11;10126
VIA GAETANO DONIZETTI;1;36;10128
VIA GAETANO FILANGIERI;1;16;10131
VIA GAETANO GIARDINO;9;34;10147
VIA GAETANO MOSCA;1;18;10148
VIA GAETANO PREVIATI;2;25;10146
VIA GAGLIANICO;1;25;10136
VIA GALLARATE;1;3;10146
VIA GALLIATE;2;14;10136
VIA GAMALERO;1;35;10138
VIA GAMBASCA;4;25;10126
VIA GARESSIO;3;52;10127
VIA GARRONE FRATELLI;3;85;10127
VIA GARZIGLIANA;1;8;10135
VIA GASPARA STAMPA;1;2;10149
VIA GASPARE GORRESIO;1;47;10121
VIA GASPARE GOZZI;2;11;10144
VIA GASPARE SACCARELLI;1;37;10154
VIA GASPARE SPONTINI;0;55;10135
VIA GASPERO BARBERA;2;66;10132
VIA GASSINO;0;34;10149
VIA GATTICO;1;24;10153
VIA GATTINARA;1;14;10124
VIA GAUDENZIO FERRARI;0;16;10147
VIA GAUNA;7;17;10141
VIA GENOLA;1;24;10126
VIA GENOVA;2;268;10156
VIA GERMAGNANO;1;52;10138
VIA GERMANASCA;0;37;10128
VIA GEROLAMO SAVONAROLA;1;9;10149
VIA GEROLAMO TIRABOSCHI;1;36;10145
VIA GHEMME;1;36;10156
VIA GHIONE EMILIO;2;52;10144
VIA GIACINTO AVET;1;10;10153
VIA GIACINTO BORELLI;1;2;10144
VIA GIACINTO CARENA;0;29;10143
VIA GIACINTO COLLEGNO;1;73;10154
VIA GIACINTO GALLINA;1;16;10146
VIA GIACINTO PACCHIOTTI;1;147;10136
VIA GIACOMO BALLA;1;52;10129
VIA GIACOMO BOVE;2;16;10135
VIA GIACOMO DINA;2;87;10148
VIA GIACOMO DURANDO;1;26;10148
VIA GIACOMO GROSSO;3;18;10126
VIA GIACOMO MATTE' TRUCCO;61;70;10143
VIA GIACOMO MEDICI;1;127;10154
VIA GIACOMO PUCCINI;1;26;10154
VIA GIACOMO ZANELLA;5;42;10126
VIA GIAGLIONE;1;7;10144
VIA GIAMBATTISTA BALBIS;1;23;10123
VIA GIAMBATTISTA BODONI;1;8;10138
VIA GIAMBATTISTA GROPELLO;2;28;10154
VIA GIAMBATTISTA PERGOLESI;3;176;10121
VIA GIAMBATTISTA VIOTTI;1;9;10135
VIA GIAN CARLO ANSELMETTI;2;97;10129
VIA GIAN DOMENICO CASSINI;3;98;10122
VIA GIAN FRANCESCO BELLEZIA;2;37;10135
VIA GIAN GIACOMO PLANTERI;2;22;10128
VIA GIANDOMENICO ROMAGNOSI;1;8;10152
VIA GIANFRANCESCO FIOCHETTO;1;39;10146
VIA GIANFRANCESCO RE;1;114;10126
VIA GIANFRANCO ZURETTI;6;48;10152
VIA GIAVENO;2;41;10148
VIA GINO CAPPONI;3;33;10147
VIA GINO LISA;6;45;10156
VIA GINO MARINUZZI;1;14;10135
VIA GIOACHINO QUARELLO;4;45;10124
VIA GIOACHINO ROSSINI;1;32;10149
VIA GIOELE SOLARI;18;29;10137
VIA GIORGIO BELLONO;1;20;10125
VIA GIORGIO BIDONE;1;39;10146
VIA GIORGIO CATTI;3;20;10148
VIA GIORGIO DE GENEYS;1;41;10154
VIA GIORGIO GHEDINI;1;25;10153
VIA GIORGIO PALLAVICINO;20;35;10143
VIA GIOSUE' BORSI;4;132;10126
VIA GIOTTO;1;51;10128
VIA GIOV. BATTISTA BRICHERASIO;1;18;10149
VIA GIOVAN BATTISTA QUADRONE;1;20;10122
VIA GIOVANNI AMBROGIO BERTRANDI;1;10;10121
VIA GIOVANNI AMENDOLA;2;14;10152
VIA GIOVANNI ANTONIO BAZZI;2;19;10126
VIA GIOVANNI ARGENTERO;1;10;10142
VIA GIOVANNI ARPINO;5;31;10137
VIA GIOVANNI BATTISTA E CARLO FELICE BISCARRA;1;36;10151
VIA GIOVANNI BATTISTA FEROGGIO;3;58;10148
VIA GIOVANNI BATTISTA GANDINO;1;62;10143
VIA GIOVANNI BATTISTA GARDONCINI;3;7;10146
VIA GIOVANNI BATTISTA SCAPACINO;1;32;10122
VIA GIOVANNI BERCHET;1;6;10132
VIA GIOVANNI BOCCACCIO;0;80;10122
VIA GIOVANNI BOTERO;1;23;10135
VIA GIOVANNI BOVETTI;2;28;10137
VIA GIOVANNI BOVIO;1;3;10128
VIA GIOVANNI CAMERANA;2;28;10152
VIA GIOVANNI CARDINALE CAGLIERO;2;11;10138
VIA GIOVANNI CARLO CAVALLI;1;73;10155
VIA GIOVANNI CENA;2;39;10137
VIA GIOVANNI CHEVALLEY;2;14;10154
VIA GIOVANNI CRAVERO;4;63;10129
VIA GIOVANNI DA VERAZZANO;2;66;10148
VIA GIOVANNI DESTEFANIS;4;26;10154
VIA GIOVANNI DUPRE';1;30;10136
VIA GIOVANNI EMANUEL;3;29;10138
VIA GIOVANNI FALCONE;12;16;10141
VIA GIOVANNI FATTORI;1;127;10127
VIA GIOVANNI FLECCHIA;1;9;10124
VIA GIOVANNI FRANCESCO NAPIONE;2;51;10123
VIA GIOVANNI GIOLITTI;1;58;10156
VIA GIOVANNI MARTINA;1;45;10147
VIA GIOVANNI MICHELE BOCCARDO;2;46;10135
VIA GIOVANNI MICHELE GRANERI;1;11;10143
VIA GIOVANNI MIGLIARA;1;23;10154
VIA GIOVANNI PACINI;1;67;10154
VIA GIOVANNI PAISIELLO;1;76;10137
VIA GIOVANNI PALATUCCI;9;22;10154
VIA GIOVANNI PASTRONE;2;6;10123
VIA GIOVANNI PLANA;1;14;10155
VIA GIOVANNI POGGIO;3;40;10121
VIA GIOVANNI PRATI;1;5;10147
VIA GIOVANNI RANDACCIO;1;83;10125
VIA GIOVANNI RIBET;1;20;10135
VIA GIOVANNI ROVEDA;2;45;10151
VIA GIOVANNI SEGANTINI;1;106;10146
VIA GIOVANNI SERVAIS;2;220;10138
VIA GIOVANNI SOMIS;3;18;10134
VIA GIOVANNI SPANO;1;51;10151
VIA GIOVANNI TOMMASO TERRANEO;1;11;10135
VIA GIOVANNI VERGA;2;20;10124
VIA GIOVANNI VIRGINIO;1;1;10137
VIA GIOVANNI ZAMBELLI;2;12;10154
VIA GIOVENALE ANCINA;5;59;10154
VIA GIROLAMO FRESCOBALDI;2;14;10135
VIA GIUDITTA SIDOLI;1;46;10124
VIA GIULIA DI BAROLO;1;52;10131
VIA GIULIA MOLINO - COLOMBINI;5;12;10126
VIA GIULIO BIGLIERI;1;52;10126
VIA GIULIO BIZZOZERO;7;29;10153
VIA GIULIO CARCANO;26;36;10135
VIA GIULIO GIANELLI;8;8;10148
VIA GIULIO NATTA;4;27;10131
VIA GIUSEPPE ALBY;1;25;10122
VIA GIUSEPPE BARBAROUX;1;46;10125
VIA GIUSEPPE BARETTI;1;46;10132
VIA GIUSEPPE BEATO CAFASSO;1;32;10146
VIA GIUSEPPE BERRUTI;2;28;10131
VIA GIUSEPPE BIAMONTI;2;20;10149
VIA GIUSEPPE BRAVIN;1;16;10152
VIA GIUSEPPE CAMINO;1;18;10136
VIA GIUSEPPE CIOTTA;1;53;10151
VIA GIUSEPPE DEPANIS;77;121;10128
VIA GIUSEPPE E ANTONIO CARLE;2;69;10144
VIA GIUSEPPE FAGNANO;1;30;10142
VIA GIUSEPPE FENOGLIO;7;31;10129
VIA GIUSEPPE GALLIANO;1;29;10122
VIA GIUSEPPE GARIBALDI;1;59;10126
VIA GIUSEPPE GAVELLO;1;4;10152
VIA GIUSEPPE GENE';1;25;10125
VIA GIUSEPPE GIACOSA;1;38;10146
VIA GIUSEPPE GIULIETTI;1;14;10121
VIA GIUSEPPE GIUSTI;1;8;10138
VIA GIUSEPPE GRASSI;1;20;10137
VIA GIUSEPPE GROSSO;22;23;10123
VIA GIUSEPPE LUIGI LAGRANGE;1;51;10122
VIA GIUSEPPE LUIGI PASSALACQUA;0;21;10148
VIA GIUSEPPE MACHERIONE;4;23;10144
VIA GIUSEPPE MARIA BONZANIGO;3;22;10148
VIA GIUSEPPE MASSARI;37;290;10123
VIA GIUSEPPE MAZZINI;1;62;10122
VIA GIUSEPPE MORIS;2;13;10121
VIA GIUSEPPE PARINI;2;14;10129
VIA GIUSEPPE PEANO;3;11;10129
VIA GIUSEPPE PIAZZI;1;62;10123
VIA GIUSEPPE POMBA;1;29;10154
VIA GIUSEPPE REGALDI;2;18;10153
VIA GIUSEPPE RICCI;1;12;10135
VIA GIUSEPPE RIGOLA;0;20;10137
VIA GIUSEPPE ROMITA;3;36;10142
VIA GIUSEPPE SAPETO;8;22;10148
VIA GIUSEPPE SIRTORI;2;25;10143
VIA GIUSEPPE TALUCCHI;1;50;10154
VIA GIUSEPPE TARTINI;2;64;10146
VIA GIUSEPPE TIMERMANS;2;23;10148
VIA GIUSEPPE VANINETTI;2;50;10124
VIA GIUSEPPE VERDI;2;61;10136
VIA GIUSEPPE VERNAZZA;3;41;10137
VIA GIUSEPPE VICARELLI;2;10;10138
VIA GIUSTINO FORTUNATO;4;7;10149
VIA GIVOLETTO;3;17;10143
VIA GOFFREDO CASALIS;1;75;10152
VIA GOFFREDO MAMELI;1;18;10125
VIA GOITO;1;17;10155
VIA GOLETTA;1;9;10136
VIA GORIZIA;2;203;10154
VIA GOTTARDO;10;285;10128
VIA GOVERNOLO;1;37;10136
VIA GRADISCA;1;105;10133
VIA GRADO;3;6;10136
VIA GRAGLIA;2;36;10156
VIA GRAN PARADISO;1;17;10156
VIA GRAN S. BERNARDO;5;15;10156
VIA GRAN SASSO;2;14;10145
VIA GRAVERE;1;37;10153
VIA GRAZIA DELEDDA;5;13;10144
VIA GRAZIADIO ASCOLI;1;44;10155
VIA GRESSONEY;2;41;10155
VIA GRIVOLA;1;11;10138
VIA GROSCAVALLO;1;19;10123
VIA GUARINO GUARINI;2;4;10124
VIA GUASTALLA;2;29;10149
VIA GUBBIO;42;110;10147
VIA GUGLIELMO CARDINALE MASSAIA;1;141;10135
VIA GUGLIELMO OBERDAN;13;24;10148
VIA GUGLIELMO PEPE;1;21;10155
VIA GUGLIELMO REISS ROMOLI;2;324;10141
VIA GUIDO BOGGIANI;2;6;10132
VIA GUIDO CAVALCANTI;1;11;10132
VIA GUIDO GUINICELLI;4;17;10136
VIA GUIDO RENI;1;231;10139
VIA GUIDO REY;2;13;10137
VIA IGNAZIO COLLINO;3;29;10135
VIA IGNAZIO ISLER;1;15;10153
VIA IGNAZIO PORRO;2;15;10135
VIA IGNAZIO VIAN;3;10;10126
VIA ILARIONE PETITTI;2;45;10135
VIA IMPERIA;2;13;10144
VIA INDUSTRIA;2;24;10137
VIA INGRIA;12;40;10146
VIA INVORIO;1;28;10153
VIA IPPOLITO NIEVO;1;27;10154
VIA IPPOLITO PINDEMONTE;8;12;10151
VIA ISERNIA;0;15;10135
VIA ISOLABELLA;1;16;10141
VIA ISONZO;2;156;10141
VIA ISSIGLIO;1;135;10127
VIA ITALO PIZZI;1;21;10156
VIA IVREA;15;49;10144
VIA JACOPO DURANDI;1;13;10154
VIA JACOPO FORONI;1;13;10128
VIA JONIO;1;5;10134
VIA LA LOGGIA;1;68;10142
VIA LA THUILE;1;81;10137
VIA LAGNASCO;1;14;10147
VIA LAJOLO FRATELLI;1;12;10135
VIA LAMBERTO DE BERNARDI;0;17;10147
VIA LAMPORO;1;15;10137
VIA LANUSEI;1;24;10148
VIA LANZO;1;84;10121
VIA LASCARIS;1;11;10149
VIA LATINA;2;4;10131
VIA LAURIANO;2;9;10155
VIA LAURO ROSSI;1;87;10126
VIA LAVAGNA;1;17;10134
VIA LAZZARO SPALLANZANI;1;30;10144
VIA LE CHIUSE;1;101;10128
VIA LEGNANO;1;46;10155
VIA LEINI';1;111;10149
VIA LEMIE;2;53;10154
VIA LEON BATTISTA ALBERTI;1;1;10126
VIA LEONARDO DA VINCI;2;40;10148
VIA LEONARDO FEA;2;68;10154
VIA LEONE SINIGAGLIA;1;7;10137
VIA LEOPOLDO LANFRANCO;2;19;10147
VIA LEOPOLDO USSEGLIO;1;24;10139
VIA LERA;3;34;10136
VIA LESEGNO;31;88;10142
VIA LESNA;5;19;10153
VIA LESSOLO;1;39;10143
VIA LEVANNA;1;31;10135
VIA LEVONE;2;20;10137
VIA LIMA;1;12;10141
VIA LIMONE;2;24;10144
VIA LIVORNO;1;81;10135
VIA LOANO;2;24;10143
VIA LOCANA;1;39;10152
VIA LODI;1;38;10131
VIA LODOVICA;1;24;10126
VIA LODOVICO ANTONIO MURATORI;2;36;10152
VIA LODOVICO ARIOSTO;2;4;10154
VIA LOMBARDORE;1;31;10139
VIA LOMBRIASCO;1;25;10132
VIA LOMELLINA;1;65;10152
VIA LORENZO BARTOLINI;1;1;10154
VIA LORENZO BRUNO;1;8;10141
VIA LORENZO DELLEANI;1;36;10147
VIA LORENZO GHIBERTI;2;10;10124
VIA LORENZO MARTINI;4;6;10154
VIA LORENZO PEROSI;1;20;10122
VIA LORENZO VALERIO;4;6;10141
VIA LUCA DELLA ROBBIA;4;22;10132
VIA LUCA SIGNORELLI;3;3;10151
VIA LUCCA;2;36;10151
VIA LUCENTO;68;146;10133
VIA LUCIANO MANARA;2;19;10146
VIA LUDOVICO BELLARDI;1;134;10135
VIA LUDOVICO GEYMONAT;5;11;10151
VIA LUIGI AMBROSINI;1;11;10144
VIA LUIGI BELLOTTI BON;2;4;10141
VIA LUIGI BERGERA;10;10;10155
VIA LUIGI BOCCHERINI;1;43;10139
VIA LUIGI CAPRIOLO;2;71;10135
VIA LUIGI CAPUANA;1;22;10127
VIA LUIGI CHIALA;1;40;10143
VIA LUIGI CIBRARIO;1;124;10128
VIA LUIGI COLLI;1;24;10134
VIA LUIGI CONTRATTI;1;1;10152
VIA LUIGI DAMIANO;2;23;10123
VIA LUIGI DES AMBROIS;1;11;10141
VIA LUIGI FERDINANDO MARSIGLI;1;119;10144
VIA LUIGI GALVANI;1;33;10131
VIA LUIGI GATTI;1;28;10149
VIA LUIGI GOYTRE;2;21;10149
VIA LUIGI GRAMEGNA;1;18;10131
VIA LUIGI LAVAZZA;2;66;10151
VIA LUIGI LUZZATTI;27;51;10121
VIA LUIGI MERCANTINI;2;10;10131
VIA LUIGI ORNATO;1;19;10126
VIA LUIGI PAGLIANI;1;25;10127
VIA LUIGI PALMA DI CESNOLA;1;120;10146
VIA LUIGI PASTEUR;1;15;10126
VIA LUIGI PETTINATI;10;23;10154
VIA LUIGI PIETRACQUA;1;36;10148
VIA LUIGI PIRANDELLO;2;20;10154
VIA LUIGI SALVATORE CHERUBINI;1;89;10156
VIA LUIGI SANTAGATA;3;65;10135
VIA LUIGI SPAZZAPAN;8;29;10124
VIA LUIGI TARINO;1;18;10131
VIA LUIGI VANVITELLI;2;13;10131
VIA LUISA DEL CARRETTO;0;79;10141
VIA LURISIA;1;15;10141
VIA LUSSIMPICCOLO;2;36;10142
VIA MACEDONIA;33;35;10144
VIA MACERATA;1;23;10133
VIA MACRINO D'ALBA;2;14;10125
VIA MADAMA CRISTINA;1;167;10154
VIA MADDALENE;1;52;10134
VIA MADONNA DELLE ROSE;3;70;10146
VIA MADONNA DELLE SALETTE;1;31;10128
VIA MAGENTA;0;61;10149
VIA MAGNANO;3;28;10155
VIA MALONE;2;54;10141
VIA MALTA;1;59;10128
VIA MANFREDO FANTI;1;25;10153
VIA MANTOVA;2;38;10121
VIA MARCELLO PRESTINARI;15;20;10123
VIA MARCELLO SOLERI;2;2;10147
VIA MARCHESE VISCONTI;1;16;10129
VIA MARCO POLO;1;44;10156
VIA MARENTINO;4;13;10122
VIA MARIA ADELAIDE;1;3;10151
VIA MARIA ADELAIDE AGLIETTA;24;35;10152
VIA MARIA AUSILIATRICE;1;55;10131
VIA MARIA BRICCA;2;40;10146
VIA MARIA MUSSO FERRARIS;0;6;10123
VIA MARIA VITTORIA;1;60;10146
VIA MARIO CASALEGGIO;2;8;10149
VIA MARIO CRIMI;1;17;10146
VIA MARIO E PIER LUIGI PASSONI;1;18;10134
VIA MARIO LEONI;2;23;10127
VIA MARIO PANNUNZIO;1;21;10141
VIA MARIO PONZIO;1;27;10142
VIA MARIO SOLDATI;1;35;10133
VIA MARSALA;1;3;10144
VIA MARTINETTO;4;16;10141
VIA MARTINIANA;2;25;10156
VIA MARTINO ANGLESIO;1;36;10139
VIA MARTINO SPANZOTTI;1;18;10131
VIA MARTIRI DELLA LIBERTA';1;49;10146
VIA MASERA;1;15;10148
VIA MASSA;4;49;10152
VIA MASSERANO;2;10;10142
VIA MASSIMO MILA;1;29;10143
VIA MASSIMO MONTANO;1;26;10136
VIA MATERA;2;30;10141
VIA MATILDE SERAO;3;53;10156
VIA MATTEO BANDELLO;2;21;10135
VIA MATTEO BARTOLI;2;20;10124
VIA MATTEO PESCATORE;1;18;10139
VIA MATTIE;2;23;10149
VIA MAZZE';2;34;10144
VIA MEDAIL;1;42;10141
VIA MEDARDO ROSSO;2;17;10146
VIA MEINA;0;19;10121
VIA MELCHIORRE GIOIA;2;13;10135
VIA MELCHIORRE VOLI;1;38;10146
VIA MELEZET;2;20;10133
VIA MENTANA;1;29;10122
VIA MERCANTI;1;18;10153
VIA MESSINA;1;45;10132
VIA METASTASIO;1;35;10138
VIA MEZZENILE;1;15;10147
VIA MICHELANGELO RULFI;2;19;10132
VIA MICHELANGELO TONELLO;2;39;10127
VIA MICHELE AMARI;0;16;10148
VIA MICHELE BERRINO;3;32;10124
VIA MICHELE BUNIVA;0;28;10147
VIA MICHELE COPPINO;39;158;10127
VIA MICHELE KERBAKER;2;14;10143
VIA MICHELE LESSONA;1;103;10121
VIA MICHELE PONZA;1;4;10143
VIA MICHELE SCHINA;1;28;10122
VIA MILANO;1;20;10133
VIA MILAZZO;2;5;10146
VIA MILLAURES;5;17;10126
VIA MILLEFONTI;3;52;10132
VIA MIRABELLO;1;21;10122
VIA MISERICORDIA;1;6;10138
VIA MOCCHIE;1;10;10141
VIA MODANE;1;34;10152
VIA MODENA;9;62;10127
VIA MODESTO PANETTI;1;30;10154
VIA MODESTO PAROLETTI;2;15;10146
VIA MOGADISCIO;3;21;10141
VIA MOLLIERES;1;25;10136
VIA MOMBARCARO;2;121;10136
VIA MOMBASIGLIO;3;125;10139
VIA MOMPELLATO;1;10;10127
VIA MONASTIR;1;72;10131
VIA MONCALVO;1;74;10154
VIA MONCRIVELLO;1;12;10152
VIA MONDOVI';3;5;10149
VIA MONDRONE;1;20;10137
VIA MONESIGLIO;3;43;10136
VIA MONFALCONE;2;180;10131
VIA MONFERRATO;0;27;10139
VIA MONFORTE;1;14;10138
VIA MONGINEVRO;1;293;10153
VIA MONGRANDO;2;59;10147
VIA MONTALENGHE;1;18;10153
VIA MONTALTO;3;10;10154
VIA MONTANARO;2;70;10139
VIA MONTE ALBERGIAN;1;29;10141
VIA MONTE ASOLONE;2;15;10135
VIA MONTE CENGIO;5;38;10142
VIA MONTE CIMONE;3;31;10127
VIA MONTE CORNO;19;36;10141
VIA MONTE CRISTALLO;1;12;10121
VIA MONTE DI PIETA';1;34;10154
VIA MONTE NERO;2;16;10137
VIA MONTE NOVEGNO;3;39;10141
VIA MONTE ORTIGARA;1;116;10135
VIA MONTE PASUBIO;5;42;10146
VIA MONTE PERTICA;2;12;10154
VIA MONTE ROSA;1;197;10153
VIA MONTE SANTO;5;10;10135
VIA MONTE SEI BUSI;2;39;10156
VIA MONTE TABOR;3;69;10156
VIA MONTE TORARO;1;3;10154
VIA MONTE VALDEROA;1;10;10141
VIA MONTE VODICE;2;22;10124
VIA MONTEBELLO;1;42;10148
VIA MONTELLO;1;18;10132
VIA MONTEMAGNO;1;77;10135
VIA MONTEPONI;1;57;10149
VIA MONTESOGLIO;1;15;10132
VIA MONTEU DA PO;1;22;10134
VIA MONTEVIDEO;1;50;10136
VIA MONTEZEMOLO;1;42;10131
VIA MONTIGLIO;3;16;10152
VIA MONZA;1;10;10132
VIA MORAZZONE;1;38;10138
VIA MORETTA;1;74;10143
VIA MORGHEN;2;40;10141
VIA MOROZZO;1;32;10154
VIA MOTTALCIATA;4;24;10155
VIA MOTTARONE;1;15;10141
VIA MURAZZANO;1;11;10123
VIA MURAZZI DEL PO;1;73;10141
VIA MURIAGLIO;1;19;10132
VIA MURISENGO;2;17;10143
VIA MUSINE';1;27;10154
VIA MUZIO CLEMENTI;11;35;10149
VIA MUZZANO;1;10;10126
VIA NARZOLE;1;6;10147
VIA NATALE PALLI;1;65;10143
VIA NETRO;0;22;10135
VIA NICHELINO;1;18;10143
VIA NICOLA FABRIZI;2;144;10155
VIA NICOLA PORPORA;1;61;10147
VIA NICOLO' BARBERIS;1;16;10154
VIA NICOLO' PAGANINI;5;42;10153
VIA NICOLO' TOMMASEO;33;33;10146
VIA NICOMEDE BIANCHI;1;118;10138
VIA NINO BIXIO;4;56;10123
VIA NINO COSTA;3;9;10155
VIA NINO OXILIA;2;52;10125
VIA NIZZA;1;404;10148
VIA NOASCA;1;27;10149
VIA NOLE;17;92;10155
VIA NOMAGLIO;2;16;10154
VIA NORBERTO ROSA;2;24;10139
VIA NOVALESA;1;22;10152
VIA NOVI;2;7;10137
VIA NUORO;1;42;10133
VIA NUOVA;1;12;10156
VIA OCCIMIANO;2;44;10125
VIA ODDINO MORGARI;2;37;10132
VIA ODOARDO TABACCHI;23;53;10149
VIA OGLIANICO;4;4;10146
VIA OLEGGIO;1;9;10145
VIA OMEGNA;2;27;10141
VIA ONORATO CASTELLINO;4;11;10135
VIA ONORATO VIGLIANI;2;224;10128
VIA ORAZIO ANTINORI;1;8;10148
VIA ORBETELLO;29;176;10133
VIA ORISTANO;1;24;10125
VIA ORMEA;1;170;10145
VIA ORNAVASSO;1;19;10153
VIA OROPA;1;141;10141
VIA ORSIERA;1;32;10145
VIA ORTA;2;34;10149
VIA ORVIETO;1;67;10141
VIA OSASCO;1;101;10153
VIA OSLAVIA;1;75;10136
VIA OSOPPO;1;63;10144
VIA OSVALDO ALASONATTI;1;9;10122
VIA OTTAVIO ASSAROTTI;1;19;10121
VIA OTTAVIO REVEL;2;21;10134
VIA OTTORINO UFFREDUZZI;2;17;10139
VIA OULX;1;30;10155
VIA OZEGNA;1;24;10142
VIA OZIERI;2;23;10152
VIA PADOVA;1;78;10152
VIA PADRE FRANCESCO DENZA;12;24;10141
VIA PAESANA;2;22;10141
VIA PAGNO;1;10;10122
VIA PALAZZO DI CITTA';2;26;10153
VIA PALLANZA;1;38;10135
VIA PALMIRO TOGLIATTI;1;35;10137
VIA PANCALIERI;29;89;10146
VIA PAOLO BENTIVOGLIO;1;5;10138
VIA PAOLO BORSELLINO;3;53;10146
VIA PAOLO BOSELLI;3;67;10141
VIA PAOLO BRACCINI;1;101;10148
VIA PAOLO DELLA CELLA;3;71;10154
VIA PAOLO FERRARI;3;10;10137
VIA PAOLO GAIDANO;1;179;10137
VIA PAOLO GORINI;8;50;10146
VIA PAOLO PIO PERAZZO;1;7;10153
VIA PAOLO RACAGNI;1;1;10125
VIA PAOLO SACCHI;1;66;10134
VIA PAOLO SARPI;52;137;10155
VIA PAOLO VERONESE;2;346;10155
VIA PARELLA;1;13;10151
VIA PARENZO;40;122;10152
VIA PARMA;1;75;10154
VIA PARUZZARO;1;11;10134
VIA PASQUALE GALLUPPI;3;32;10134
VIA PASQUALE PAOLI;1;86;10131
VIA PASQUALE STANISLAO MANCINI;1;25;10127
VIA PASSO BUOLE;1;179;10146
VIA PASSO DEL BRENNERO;1;10;10128
VIA PASTRENGO;1;32;10156
VIA PAVAROLO;5;14;10152
VIA PAVIA;1;20;10147
VIA PAVONE;1;12;10151
VIA PELLEGRINO TIBALDI;6;22;10139
VIA PELLICE;1;21;10154
VIA PELLIZZA DA VOLPEDO;2;3;10139
VIA PEROSA;2;81;10139
VIA PERRERO;1;39;10155
VIA PERTENGO;2;19;10152
VIA PERUGIA;3;64;10152
VIA PESARO;3;50;10154
VIA PESCARA;3;4;10149
VIA PESSINETTO;1;36;10149
VIA PETTINENGO;1;17;10126
VIA PEVERAGNO;8;19;10127
VIA PIACENZA;1;36;10146
VIA PIANCERI;2;19;10149
VIA PIANEZZA;1;224;10144
VIA PIANFEI;2;9;10122
VIA PIAVE;1;21;10145
VIA PIEDICAVALLO;5;53;10137
VIA PIEMONTESI 1655 PASQUE;1;5;10138
VIA PIER CARLO BOGGIO;36;83;10135
VIA PIER DOMENICO OLIVERO;2;60;10154
VIA PIER FORTUNATO CALVI;1;44;10132
VIA PIER GIORGIO FRASSATI;1;4;10151
VIA PIER LUIGI NERVI;11;11;10155
VIA PIER LUIGI PALESTRINA;0;49;10144
VIA PIERDIONIGI PINELLI;1;102;10123
VIA PIERO GOBETTI;1;23;10145
VIA PIETRINO BELLI;1;76;10142
VIA PIETRO ABATE CHANOUX;1;35;10143
VIA PIETRO BAGETTI;1;35;10126
VIA PIETRO BAIARDI;2;50;10137
VIA PIETRO BONFANTE;1;18;10137
VIA PIETRO CANONICA;1;17;10124
VIA PIETRO CAVEZZALE;4;12;10146
VIA PIETRO COSSA;2;301;10122
VIA PIETRO EGIDI;3;12;10135
VIA PIETRO FRANCESCO GUALA;5;130;10137
VIA PIETRO FRATTINI;11;15;10121
VIA PIETRO GIANNONE;1;12;10125
VIA PIETRO GIURIA;1;56;10154
VIA PIETRO MASCAGNI;1;38;10121
VIA PIETRO MICCA;1;22;10143
VIA PIETRO PALMIERI;4;63;10143
VIA PIETRO PIFFETTI;1;56;10134
VIA PIETRO POMPONAZZI;1;13;10122
VIA PIETRO SANTAROSA;1;9;10141
VIA PIETRO THERMIGNON;1;10;10149
VIA PIETRO THOUAR;2;8;10129
VIA PIETRO TOSELLI;1;9;10138
VIA PINASCA;1;16;10152
VIA PINEROLO;1;68;10131
VIA PININ PACOT;5;42;10126
VIA PIO FOA';59;92;10135
VIA PIO VII;1;168;10135
VIA PIOBESI;2;26;10152
VIA PIOSSASCO;1;36;10132
VIA PIOVA';3;18;10151
VIA PIRANO;1;35;10152
VIA PISA;3;59;10137
VIA PISCINA;9;43;10144
VIA PISTOIA;24;44;10135
VIA PLAVA;5;177;10123
VIA PO;0;59;10135
VIA PODGORA;1;40;10134
VIA POIRINO;1;26;10135
VIA POLA;1;33;10121
VIA POLICARPO PETROCCHI;1;8;10153
VIA POLIZIANO;27;56;10141
VIA POLLENZO;2;68;10154
VIA POLLONE;5;21;10138
VIA POLONGHERA;2;57;10135
VIA POMARETTO;1;11;10136
VIA POMARO;1;25;10148
VIA POMPEO COLAJANNI;1;20;10149
VIA PONDERANO;1;35;10155
VIA PONT;1;14;10137
VIA PORDENONE;2;16;10122
VIA PORTA PALATINA;1;31;10135
VIA PORTOFINO;1;30;10149
VIA PORTULA;1;25;10141
VIA POSTUMIA;1;57;10139
VIA POZZO STRADA;1;25;10139
VIA PRAGELATO;1;25;10139
VIA PRALI;1;24;10153
VIA PRALUNGO;1;5;10135
VIA PRAMOLLO;0;15;10143
VIA PRAROSTINO;1;16;10142
VIA PREMUDA;2;18;10123
VIA PRINCIPE AMEDEO;1;55;10147
VIA PRINCIPE D'ANHALT;1;8;10125
VIA PRINCIPE TOMMASO;1;57;10144
VIA PRINCIPESSA CLOTILDE;0;102;10131
VIA PRINCIPESSA FELICITA DI SAVOIA;6;27;10143
VIA PRINCIPI D'ACAJA;0;65;10126
VIA PROSPERO RICHELMY;1;35;10137
VIA PUBLIO ELVIO PERTINACE;1;50;10156
VIA PUGLIA;6;64;10139
VIA QUART;1;16;10142
VIA QUARTO DEI MILLE;3;43;10148
VIA QUASSOLO;2;37;10122
VIA QUATTRO MARZO;1;23;10148
VIA QUINCINETTO;1;33;10141
VIA QUINTO BEVILACQUA;1;51;10154
VIA QUITTENGO;1;41;10136
VIA RAFFAELE CADORNA;14;47;10144
VIA RAFFAELE PIRIA;2;17;10143
VIA RAFFAELLO LAMBRUSCHINI;1;12;10137
VIA RAGUSA;1;27;10121
VIA RAIMONDO MONTECUCCOLI;1;12;10134
VIA RAPALLO;1;20;10152
VIA RAVENNA;0;15;10141
VIA REANO;1;13;10151
VIA REFRANCORE;6;101;10153
VIA REGGIO;1;35;10155
VIA RENATO MARTORELLI;1;104;10154
VIA RENATO WUILLERMIN;1;12;10139
VIA REVELLO;1;63;10124
VIA RIBERI;2;6;10156
VIA RIBORDONE;8;23;10136
VIA RICALDONE;3;55;10151
VIA RICCARDO ARNO';2;50;10124
VIA RICCARDO SINEO;3;16;10154
VIA RICCARDO ZANDONAI;1;24;10142
VIA RIETI;2;55;10153
VIA RIMINI;1;16;10141
VIA RIO DE JANEIRO;4;40;10137
VIA RIVA DEL GARDA;2;20;10141
VIA RIVALTA;19;68;10143
VIA RIVARA;2;40;10152
VIA RIVAROLO;1;17;10155
VIA RIVAROSSA;1;36;10143
VIA ROASIO;1;26;10152
VIA ROBASSOMERO;1;19;10134
VIA ROBERTO ARDIGO';1;30;10135
VIA ROBERTO BISCARETTI DI RUFFIA;11;91;10136
VIA ROBERTO CRESCENZIO;1;12;10127
VIA ROCCA DE' BALDI;1;33;10134
VIA ROCCABRUNA;1;2;10139
VIA ROCCAFORTE;1;29;10147
VIA ROCCAVIONE CONTE DI;2;110;10143
VIA ROCCIAMELONE;1;18;10155
VIA ROCCO SCOTELLARO;5;71;10146
VIA ROCHEMOLLES;1;27;10122
VIA RODI;1;4;10148
VIA RODOLFO BETTAZZI;6;6;10128
VIA RODOLFO MONTEVECCHIO;2;31;10135
VIA RODOLFO MORANDI;2;36;10141
VIA RODOLFO RENIER;1;67;10123
VIA ROLANDO;2;4;10121
VIA ROMA;4;376;10145
VIA ROMAGNANO;1;44;10136
VIA ROMOLO GESSI;4;23;10155
VIA RONDISSONE;1;32;10155
VIA ROPPOLO;1;18;10141
VIA ROSALBA CARRIERA;2;23;10134
VIA ROSARIO SANTA FE';2;37;10153
VIA ROSAZZA;1;11;10143
VIA ROSOLINO PILO;1;96;10141
VIA ROSSANA;1;28;10143
VIA ROSTA;1;28;10136
VIA ROVERETO;3;88;10152
VIA ROVIGO;1;31;10156
VIA RUBENS FATTORELLI;2;125;10139
VIA RUBIANA;0;62;10148
VIA RUEGLIO;1;25;10121
VIA RUFFINI FRATELLI;1;11;10154
VIA RUGGERO LEONCAVALLO;1;65;10122
VIA S. AGOSTINO;1;30;10139
VIA S. AMBROGIO;1;31;10125
VIA S. ANSELMO;1;40;10139
VIA S. ANTONINO;1;79;10121
VIA S. ANTONIO DA PADOVA;1;14;10154
VIA S. BENIGNO;1;26;10141
VIA S. BERNARDINO;2;48;10122
VIA S. CHIARA;1;64;10123
VIA S. CROCE;0;10;10122
VIA S. DALMAZZO;1;26;10122
VIA S. DOMENICO;0;51;10144
VIA S. DONATO;1;103;10133
VIA S. FERMO;1;15;10122
VIA S. FRANCESCO D'ASSISI;1;44;10123
VIA S. FRANCESCO DA PAOLA;1;48;10154
VIA S. GAETANO THIENE;1;16;10155
VIA S. GERMANO;1;6;10149
VIA S. GILLIO;1;13;10142
VIA S. GIORGIO CANAVESE;1;46;10152
VIA S. GIOVANNI BATTISTA LA SALLE;1;17;10144
VIA S. GIOVANNI BOSCO;3;106;10124
VIA S. GIULIA;0;80;10152
VIA S. GIUSEPPE BENEDETTO COTTOLENGO;1;29;10122
VIA S. MARIA;1;13;10142
VIA S. MARIA MAZZARELLO;2;110;10134
VIA S. MARINO;3;133;10156
VIA S. MASSIMILIANO KOLBE;1;16;10123
VIA S. MASSIMO;1;55;10135
VIA S. MICHELE DEL CARSO;4;30;10124
VIA S. OTTAVIO;2;58;10147
VIA S. PANCRAZIO;3;11;10138
VIA S. PAOLO;1;169;10152
VIA S. PIETRO IN VINCOLI;9;43;10125
VIA S. PIO V;0;36;10121
VIA S. QUINTINO;1;48;10132
VIA S. RAFFAELE;1;10;10143
VIA S. ROCCHETTO;2;34;10133
VIA S. ROCCO;1;32;10132
VIA S. SEBASTIANO PO;5;11;10128
VIA S. SECONDO;1;108;10152
VIA S. SIMONE;1;5;10121
VIA S. TERESA;1;28;10122
VIA S. TOMMASO;1;29;10133
VIA SABAUDIA;1;36;10121
VIA SAGLIANO MICCA;1;5;10139
VIA SAGRA DI S. MICHELE;0;142;10152
VIA SAINT-BON;41;74;10155
VIA SALASSA;1;29;10146
VIA SALBERTRAND;1;102;10152
VIA SALERNO;1;64;10137
VIA SALICETO;1;20;10143
VIA SALUGGIA;1;24;10125
VIA SALUZZO;1;127;10141
VIA SALVANESCHI NINO;5;5;10149
VIA SALVATORE COGNETTI DE MARTIIS;3;57;10134
VIA SALVATORE FARINA;1;16;10156
VIA SAMONE;9;15;10155
VIA SANDIGLIANO;1;12;10154
VIA SANDRO BOTTICELLI;2;235;10138
VIA SANFRONT;1;15;10138
VIA SANGANO;13;18;10137
VIA SANREMO;2;67;10126
VIA SANTENA;1;19;10154
VIA SANTHIA';1;101;10131
VIA SANTORRE SANTAROSA;0;22;10147
VIA SAORGIO;1;174;10133
VIA SAPPONE;1;25;10127
VIA SAPRI;1;54;10139
VIA SARRE;3;13;10152
VIA SASSARI;2;34;10154
VIA SAVERIO MERCADANTE;1;158;10153
VIA SAVERIO VEGEZZI;6;6;10144
VIA SAVIGLIANO;1;21;10121
VIA SAVIO FRATELLI;2;3;10138
VIA SCALENGHE;1;8;10152
VIA SCHIO;1;11;10132
VIA SCIOLZE;2;8;10149
VIA SCIPIO SLATAPER;3;41;10128
VIA SEBASTIANO CABOTO;1;59;10121
VIA SEBASTIANO GRANDIS;11;14;10137
VIA SEBASTIANO TARICCO;2;7;10155
VIA SEMPIONE;72;256;10141
VIA SERRANO;2;29;10155
VIA SESIA;1;59;10141
VIA SESTRIERE;1;33;10127
VIA SETTE COMUNI;1;86;10135
VIA SEVERINO CASANA;2;52;10121
VIA SEVERINO GRATTONI;1;8;10131
VIA SFORZESCA;3;10;10153
VIA SIBILLA ALERAMO;23;24;10152
VIA SIGISMONDO GERDIL;1;8;10155
VIA SILVESTRO LEGA;2;50;10125
VIA SILVIO PELLICO;0;34;10155
VIA SOANA;4;39;10134
VIA SOLERO;2;12;10127
VIA SOMALIA;4;116;10131
VIA SOMMACAMPAGNA;4;25;10127
VIA SOMMARIVA;1;29;10144
VIA SONDRIO;2;13;10154
VIA SORDEVOLO;1;14;10147
VIA SOSPELLO;1;220;10146
VIA SOSTEGNO;1;98;10141
VIA SPALATO;1;100;10148
VIA SPARONE;1;20;10143
VIA SPOLETO;2;12;10126
VIA SPOTORNO;1;63;10141
VIA STAFFARDA;1;15;10122
VIA STAMPATORI;1;21;10143
VIA STEFANO CLEMENTE;1;32;10156
VIA STEFANO TEMPIA;3;9;10126
VIA STELLONE;1;18;10141
VIA STELVIO;2;82;10155
VIA STRADELLA;1;247;10156
VIA STRAMBINO;1;15;10149
VIA STRESA;25;44;10148
VIA STRONA;25;25;10138
VIA SUSA;1;62;10134
VIA TAGGIA;1;67;10156
VIA TANARO;1;35;10136
VIA TANCREDI POZZI;4;21;10142
VIA TARVISIO;1;16;10154
VIA TELEMACO SIGNORINI;1;14;10137
VIA TEMPIO PAUSANIA;1;43;10126
VIA TENDA;2;11;10123
VIA TEOFILO CONTE DI MONTELERA ROSSI;2;3;10126
VIA TEPICE;1;23;10152
VIA TERAMO;2;8;10154
VIA TERNENGO;0;52;10149
VIA TERNI;1;85;10149
VIA TESSO;1;38;10127
VIA TESTONA;1;31;10126
VIA THONON;1;11;10142
VIA THURES;4;44;10136
VIA TICINETO;1;14;10147
VIA TICINO;2;31;10141
VIA TIMAVO;1;10;10135
VIA TIMOTEO RIBOLI;1;20;10136
VIA TINTORETTO;1;22;10134
VIA TIRRENO;1;333;10126
VIA TIZIANO VECELLIO;2;62;10156
VIA TOCE;3;29;10141
VIA TOFANE;1;98;10154
VIA TOLLEGNO;5;86;10141
VIA TOLMINO;2;80;10132
VIA TOMMASO AGUDIO;14;58;10134
VIA TOMMASO DE CRISTOFORIS;2;2;10121
VIA TOMMASO DORE';3;4;10126
VIA TOMMASO GROSSI;1;36;10147
VIA TOMMASO GULLI;3;49;10151
VIA TOMMASO MASACCIO;2;40;10149
VIA TOMMASO SALVINI;2;20;10155
VIA TOMMASO VALLAURI;21;32;10127
VIA TOMMASO VILLA;51;75;10127
VIA TONALE;6;32;10131
VIA TONCO;1;29;10122
VIA TORQUATO TASSO;1;13;10127
VIA TORRAZZA PIEMONTE;1;41;10156
VIA TORRE PELLICE;1;58;10128
VIA TORRICELLI EVANGELISTA;1;70;10138
VIA TRANA;2;22;10148
VIA TRAVERSELLA;1;28;10151
VIA TRAVES;7;43;10122
VIA TRE GALLINE;1;2;10141
VIA TRECATE;1;46;10144
VIA TREVISO;12;58;10141
VIA TRINITA';1;26;10155
VIA TRINO;0;17;10136
VIA TRIPOLI;1;216;10145
VIA TRIVERO;3;21;10127
VIA TROFARELLO;3;27;10155
VIA TRONZANO;1;31;10134
VIA TUNISI;1;139;10149
VIA UDINE;45;45;10156
VIA UGO CERESERO;1;21;10126
VIA UGO FOSCOLO;1;30;10155
VIA UMBERTO BALESTRERI;1;18;10121
VIA UMBERTO BIANCAMANO;1;10;10131
VIA UMBERTO COSMO;2;26;10154
VIA UMBERTO GIORDANO;1;19;10123
VIA URBANO RATTAZZI;1;11;10152
VIA URBINO;1;38;10126
VIA VADO;2;14;10143
VIA VAGNONE;1;38;10149
VIA VAL DELLA TORRE;3;228;10142
VIA VAL LAGARINA;4;70;10155
VIA VALDENGO;1;24;10138
VIA VALDIERI;1;32;10128
VIA VALEGGIO;1;45;10146
VIA VALENTINO CARRERA;1;181;10127
VIA VALENZA;46;72;10154
VIA VALERIO VALLERO;2;4;10147
VIA VALFENERA;1;24;10146
VIA VALGIOIE;1;143;10135
VIA VALLARSA;1;44;10156
VIA VALLE STRETTA;4;5;10155
VIA VALPRATO;1;78;10142
VIA VALSUGANA;15;31;10124
VIA VANCHIGLIA;0;45;10141
VIA VANDALINO;1;157;10126
VIA VARAITA;1;18;10153
VIA VARALLO;2;42;10126
VIA VARAZZE;1;21;10152
VIA VARESE;1;15;10124
VIA VASCO FRATELLI;2;6;10141
VIA VASILE ALECSANDRI;1;31;10136
VIA VEGLIA;2;71;10146
VIA VENALZIO;6;18;10148
VIA VENARIA;2;113;10138
VIA VENASCA;1;31;10121
VIA VENTI SETTEMBRE;1;90;10126
VIA VENTIMIGLIA;1;228;10153
VIA VERBANO;2;8;10149
VIA VEROLENGO;3;212;10155
VIA VERRES;1;44;10131
VIA VERRUA;1;9;10139
VIA VERZUOLO;2;51;10155
VIA VESTIGNE';2;14;10153
VIA VEZZOLANO;2;32;10151
VIA VIARIGI;6;6;10147
VIA VIBO';1;68;10144
VIA VICENZA;4;33;10139
VIA VICOFORTE;1;21;10149
VIA VIGLIANO;1;16;10132
VIA VIGNALE;1;27;10138
VIA VIGONE;1;82;10131
VIA VILLA DELLA REGINA;1;30;10142
VIA VILLA GIUSTI;1;72;10133
VIA VILLA GLORI;3;21;10135
VIA VILLADEATI;4;6;10142
VIA VILLAFRANCA PIEMONTE;1;8;10147
VIA VILLAR;2;58;10138
VIA VILLAR FOCCHIARDO;2;31;10138
VIA VILLARBASSE;1;47;10138
VIA VINADIO;2;37;10121
VIA VINCENZO BELLINI;0;9;10154
VIA VINCENZO CUOCO;1;11;10128
VIA VINCENZO GIOBERTI;1;94;10141
VIA VINCENZO LANCIA;2;140;10144
VIA VINCENZO MARIA MIGLIETTI;0;27;10126
VIA VINCENZO MONTI;1;51;10143
VIA VINCENZO NAZZARO;1;19;10153
VIA VINCENZO PORRI;5;19;10134
VIA VINCENZO STEFFENONE;4;34;10155
VIA VINCENZO TROYA;1;18;10128
VIA VINCENZO VELA;1;49;10127
VIA VINOVO;1;32;10142
VIA VIPACCO;1;45;10138
VIA VIRLE;0;24;10147
VIA VISCHE;1;16;10155
VIA VISTRORIO;2;107;10121
VIA VITALIANO DONATI;1;29;10149
VIA VITERBO;37;175;10156
VIA VITTIME DI BOLOGNA;1;24;10147
VIA VITTORIA;1;45;10155
VIA VITTORIA COLONNA;5;34;10146
VIA VITTORIO ACTIS;7;21;10121
VIA VITTORIO ALFIERI;3;24;10152
VIA VITTORIO AMEDEO CIGNAROLI;1;10;10131
VIA VITTORIO AMEDEO GIOANETTI;1;15;10121
VIA VITTORIO AMEDEO II;1;28;10152
VIA VITTORIO ANDREIS;1;28;10145
VIA VITTORIO ASINARI DI BERNEZZO;1;143;10154
VIA VITTORIO AVONDO;20;26;10152
VIA VITTORIO BERSEZIO;1;11;10129
VIA VITTORIO BOTTEGO;3;10;10151
VIA VITTORIO CUNIBERTI;38;92;10142
VIA VITTORIO PARMENTOLA;1;16;10149
VIA VIU';1;13;10146
VIA VIVERONE;1;22;10155
VIA VOLPIANO;1;30;10133
VIA VOLTURNO;1;27;10141
VIA VOLVERA;1;24;10134
VIA ZINO GIACOMO ZINI;54;140;10147
VIA ZUBIENA;1;5;10145
VIA ZUMAGLIA;2;85;10124
VIALE ALESSANDRO LUZIO;4;6;10135
VIALE AUGUSTO MONTI;12;21;10141
VIALE BURDIN;10;14;10126
VIALE CARLO CEPPI;5;36;10151
VIALE DEI MUGHETTI;1;45;10126
VIALE DIEGO BALSAMO CRIVELLI;11;13;10133
VIALE DOGALI;4;12;10126
VIALE ENRICO MILLO;6;6;10131
VIALE ENRICO THOVEZ;2;62;10156
VIALE FALCHERA;1;80;10133
VIALE GIACOMO CURRENO;3;73;10131
VIALE INNOCENZO CONTINI;12;41;10141
VIALE LEONARDO BISTOLFI;12;30;10141
VIALE LUIGI HUGUES;15;15;10147
VIALE MADONNA DI CAMPAGNA;1;17;10127
VIALE MAESTRI DEL LAVORO;4;10;10131
VIALE MARCO PORZIO CATONE;16;64;10126
VIALE MARINAI D'ITALIA;1;21;10126
VIALE MATTEO MARIA BOIARDO;20;24;10126
VIALE MEDAGLIE D'ORO;88;88;10153
VIALE OTTAVIO MARIO MAI;37;48;10126
VIALE PAOLO THAON DI REVEL;10;10;10125
VIALE PIER ANDREA MATTIOLI;25;39;10131
VIALE SENECA;3;143;10133
VIALE SETTIMIO SEVERO;26;65;10132
VIALE SUOR GIOVANNA FRANCESCA MICHELOTTI;6;292;10126
VIALE UMBERTO CAGNI;7;37;10133
VIALE VENTICINQUE APRILE;1;193;10131
VIALE VILLA DELLA REGINA;37;40;10126
VIALE VIRGILIO;17;107;10124
VICOLO CESARE BENEVELLO;3;4;10129
VICOLO CROCETTA;3;7;10122
VICOLO DELLA CONSOLATA;2;4;10152
VICOLO GROSSO;2;6;10122
VICOLO S. LORENZO;1;2;10122
VICOLO S. MARIA;3;8;10126
